Team,PointsPerGame,Form,GoalsScoredAvg,GoalsConcededAvg,MatchesPlayed
Pyramids FC,2.1020408163265305,0.8,1.6,0.6,49
Al Ahly,2.204081632653061,0.6666666666666666,1.4,0.8,49
Ceramica Cleopatra,1.5714285714285714,0.4,1.4,1.4,49
Future FC,1.0625,0.2,0.4,1.4,48
Sportivo Ameliano,1.1818181818181819,0.5333333333333333,1.2,0.6,44
Nacional Asuncion,1.0681818181818181,0.6666666666666666,2.2,1.2,44
Patriotas,1.4404761904761905,0.4666666666666667,0.8,1.2,84
Jaguares,1.5952380952380953,0.5333333333333333,2.0,1.4,84
Olimpia,1.5681818181818181,0.26666666666666666,0.4,1.0,44
SOL DE America,1.2307692307692308,0.8666666666666667,2.2,0.4,52
Deportivo Pereira,1.369047619047619,0.0,0.8,4.0,84
Deportivo Cali,1.064102564102564,0.06666666666666667,0.4,1.4,78
Sportivo Luqueno,1.2954545454545454,0.3333333333333333,0.4,1.2,44
2 de Mayo,1.1136363636363635,0.2,0.6,1.0,44
Once Caldas,1.4583333333333333,0.5333333333333333,0.6,0.6,96
Chico,0.8846153846153846,0.26666666666666666,0.6,1.2,78
Deportes Tolima,1.7830188679245282,0.4666666666666667,0.4,0.8,106
Fortaleza FC,1.2976190476190477,0.2,0.6,1.8,84
General Caballero,0.9318181818181818,0.26666666666666666,1.4,1.6,44
Tacuary,1.1730769230769231,0.26666666666666666,0.8,1.4,52
America de Cali,1.6041666666666667,0.5333333333333333,1.6,1.4,96
Águilas Doradas,1.205128205128205,0.6,1.8,1.0,78
Cerro Porteno,1.9090909090909092,0.7333333333333333,2.2,0.6,44
Sportivo Trinidense,1.25,0.8666666666666667,1.8,0.8,44
Millonarios,1.588235294117647,0.6,1.0,0.6,102
Independiente Medellin,1.6304347826086956,0.3333333333333333,1.0,1.2,92
Junior,1.5576923076923077,0.8,1.8,0.8,104
Bucaramanga,1.6521739130434783,0.4,0.6,0.4,92
Club Guarani,1.5681818181818181,0.4,1.2,1.8,44
Libertad Asuncion,2.090909090909091,0.5333333333333333,0.8,0.6,44
Atletico Nacional,1.6734693877551021,0.3333333333333333,1.2,1.4,98
Alianza Valledupar,1.1666666666666667,0.6,1.0,0.4,78
Internacional de Bogota,0.9404761904761905,0.2,1.0,1.4,84
Envigado,0.8589743589743589,0.26666666666666666,1.0,1.4,78
Deportivo Pasto,1.2380952380952381,0.4666666666666667,1.8,1.0,84
Santa Fe,1.679245283018868,0.4666666666666667,1.2,0.8,106
UTC Cajamarca,0.9142857142857143,0.4666666666666667,1.4,2.0,70
Deportivo Garcilaso,1.289855072463768,0.4666666666666667,0.8,1.0,69
FBC Melgar,1.826086956521739,0.5333333333333333,1.2,0.8,69
Cusco,1.8888888888888888,0.6666666666666666,1.8,0.8,72
Sporting Cristal,1.9594594594594594,0.5333333333333333,1.4,1.4,74
ADT,1.4492753623188406,0.3333333333333333,0.8,1.0,69
Sport Huancayo,1.2463768115942029,0.2,1.2,1.6,69
Sport Boys,1.0289855072463767,0.26666666666666666,0.8,1.8,69
Cienciano,1.4782608695652173,0.6,1.4,1.2,69
Comerciantes Unidos,1.0434782608695652,0.6666666666666666,1.2,0.8,69
Atletico Grau,1.289855072463768,0.06666666666666667,0.6,1.8,69
Alianza Atletico,1.4428571428571428,0.4666666666666667,0.8,0.8,70
Carlos A. Mannucci,1.037037037037037,0.13333333333333333,2.0,3.4,54
Universitario,2.260869565217391,0.6666666666666666,1.2,1.0,69
Alianza Lima,1.9577464788732395,0.6,2.2,1.4,71
Cesar Vallejo,1.0491803278688525,0.26666666666666666,1.2,1.8,61
Club Deportivo Los Chankas,1.289855072463768,0.6,1.2,0.8,69
Union Comercio,1.05,0.3333333333333333,1.8,1.4,60
Caracas FC,1.3125,0.5333333333333333,1.4,1.4,64
Deportivo La Guaira,1.8026315789473684,0.5333333333333333,0.8,0.8,76
Agropecuario,1.4109589041095891,0.6,1.4,0.6,73
Patronato,1.2054794520547945,0.3333333333333333,0.6,1.0,73
Bogota FC,0.90625,0.06666666666666667,0.6,2.6,64
Union Magdalena,1.375,0.4,1.0,1.4,88
Puerto Cabello,1.3285714285714285,0.6666666666666666,1.6,0.8,70
Carabobo FC,1.783132530120482,0.6666666666666666,1.6,0.6,83
Atletico Mitre,1.3472222222222223,0.26666666666666666,0.8,1.4,72
San Telmo,1.4533333333333334,0.4,1.2,1.6,75
Quindio,1.25,0.8666666666666667,2.4,0.8,76
Huila,1.7159090909090908,0.6666666666666666,1.6,1.0,88
Rayo Zuliano,1.103448275862069,0.2,0.6,1.6,58
Portuguesa FC,1.125,0.2,0.8,2.2,64
Chacarita Juniors,1.3055555555555556,0.13333333333333333,0.4,1.2,72
Deportivo Maipu,1.3150684931506849,0.4666666666666667,1.2,0.8,73
Deportivo Moron,1.3896103896103895,0.5333333333333333,0.4,0.2,77
Brown DE Adrogue,0.7692307692307693,0.4,1.0,1.0,39
All Boys,1.3466666666666667,0.4666666666666667,0.8,0.2,75
Tristan Suarez,1.3866666666666667,0.6666666666666666,1.4,0.6,75
Talleres Remedios,0.863013698630137,0.4,0.8,1.0,73
San Miguel,1.4189189189189189,0.4,0.6,0.6,74
CA Estudiantes,1.6153846153846154,0.6666666666666666,0.6,0.2,78
Ferro Carril Oeste,1.2638888888888888,0.6666666666666666,1.0,0.4,72
Real Santander,0.828125,0.2,0.4,1.4,64
Leones FC,0.9375,0.4,0.6,2.0,64
Llaneros,1.488888888888889,0.2,0.6,2.2,90
Popayan,1.0714285714285714,0.26666666666666666,0.2,0.6,70
Barranquilla,0.96875,0.3333333333333333,1.6,1.6,64
Tigres FC,1.144736842105263,0.13333333333333333,1.2,1.8,76
Real Cartagena,1.7045454545454546,0.4,0.8,0.8,88
Internacional Palmira,1.4736842105263157,0.0,0.4,2.4,76
Monagas SC,1.328125,0.2,1.0,1.6,64
Metropolitanos FC,1.323943661971831,0.06666666666666667,0.6,2.2,71
Quilmes,1.4,0.2,0.2,0.6,75
Temperley,1.4657534246575343,0.4666666666666667,1.0,1.0,73
Nueva Chicago,1.4675324675324675,0.4666666666666667,0.4,1.0,77
Almagro,1.0138888888888888,0.13333333333333333,0.2,0.8,72
Aldosivi,1.408450704225352,0.8,2.0,0.8,71
Atletico DE Rafaela,0.825,0.5333333333333333,1.0,0.8,40
San Martin Tucuman,1.7692307692307692,0.4,1.4,0.8,78
Gimnasia Jujuy,1.5263157894736843,0.26666666666666666,0.8,1.4,76
Colon Santa Fe,1.2465753424657535,0.26666666666666666,0.2,0.8,73
Defensores Unidos,0.7777777777777778,0.13333333333333333,0.0,1.0,72
CD Hermanos Colmenarez,0.8125,0.06666666666666667,1.0,2.4,32
Zamora FC,1.0317460317460319,0.4666666666666667,1.0,1.0,63
Guillermo Brown,0.868421052631579,0.06666666666666667,0.8,1.8,38
Racing Cordoba,1.3013698630136987,0.4,0.8,1.4,73
Gimnasia Y Tiro,1.486842105263158,0.5333333333333333,1.2,1.0,76
Chaco For Ever,1.2328767123287672,0.3333333333333333,0.6,1.0,73
Almirante Brown,1.0138888888888888,0.6666666666666666,1.2,0.8,72
Atlanta,1.4666666666666666,0.3333333333333333,1.0,1.2,75
Deportivo Tachira FC,1.864864864864865,0.3333333333333333,1.2,1.2,74
Estudiantes de Merida FC,1.0689655172413792,0.4,0.8,1.6,58
Arsenal Sarandi,1.0277777777777777,0.26666666666666666,1.4,1.4,72
Club Atlético Güemes,1.1805555555555556,0.6666666666666666,0.6,0.2,72
Depor FC,0.703125,0.06666666666666667,0.2,1.8,64
Cucuta,1.7333333333333334,0.6,1.6,1.0,90
Orsomarso,1.3461538461538463,0.13333333333333333,0.6,1.6,78
Real Soacha,1.5595238095238095,0.6,1.4,0.8,84
San Martin S.J.,1.4605263157894737,0.5333333333333333,1.0,1.0,76
Alvarado,1.0833333333333333,0.3333333333333333,0.2,1.2,72
Estudiantes de Rio Cuarto,1.5822784810126582,0.6666666666666666,1.2,0.4,79
Deportivo Madryn,1.6951219512195121,0.4666666666666667,0.6,0.8,82
Angostura FC,0.9666666666666667,0.2,1.2,2.6,60
UCV,1.6865671641791045,0.6666666666666666,2.4,1.2,67
Gimnasia M.,1.7088607594936709,0.5333333333333333,1.0,0.8,79
Defensores De Belgrano,1.452054794520548,0.6666666666666666,1.2,0.6,73
Treaty United,1.28,0.6666666666666666,1.2,0.6,75
Cobh Ramblers,1.5405405405405406,0.26666666666666666,1.2,1.6,74
Bray Wanderers,1.575,0.8,2.2,1.0,80
UCD,1.5526315789473684,0.4666666666666667,2.2,1.8,76
Athlone Town,1.0666666666666667,0.2,1.0,1.4,75
Wexford,1.364864864864865,0.6,1.4,1.4,74
Shamrock Rovers,1.63,0.26666666666666666,1.4,1.8,100
Dundalk,1.4583333333333333,0.6666666666666666,2.2,1.4,72
Derry City,1.635135135135135,0.8666666666666667,1.4,0.6,74
Drogheda United,1.2054794520547945,0.3333333333333333,0.8,1.6,73
Bohemians,1.3333333333333333,0.26666666666666666,1.4,1.6,72
Sligo Rovers,1.25,0.4666666666666667,1.0,1.2,72
Waterford,1.1917808219178083,0.5333333333333333,1.4,1.0,73
Shelbourne,1.5777777777777777,0.13333333333333333,0.0,1.2,90
Galway United,1.2638888888888888,0.5333333333333333,1.2,0.8,72
St Patrick's Athl.,1.5714285714285714,0.4,0.4,0.4,84
Cork City,1.4166666666666667,0.06666666666666667,0.6,1.4,72
Kerry,0.875,0.2,0.6,1.8,72
Club Nacional,2.260869565217391,0.8666666666666667,2.2,0.8,46
CA River Plate,0.8409090909090909,0.3333333333333333,1.0,1.4,44
Always Ready,1.8088235294117647,0.8,4.6,2.0,68
Universitario de Vinto,1.135135135135135,0.0,0.4,2.6,74
Nublense,1.2166666666666666,0.2,1.4,1.4,60
Coquimbo Unido,2.0,0.8666666666666667,2.2,1.0,60
Longford Town,1.0277777777777777,1.0,2.4,1.0,72
Finn Harps,1.1388888888888888,0.06666666666666667,1.2,3.0,72
Fenix,1.2222222222222223,0.26666666666666666,1.2,1.6,54
Danubio,1.1363636363636365,0.26666666666666666,1.6,2.2,44
Union Espanola,1.1,0.06666666666666667,1.0,2.2,60
Colo Colo,1.85,0.6,1.6,1.4,60
Bolívar,1.7086614173228347,1.0,3.6,1.2,127
Gualberto Villarroel SJ,1.4285714285714286,0.4666666666666667,2.2,1.8,70
Miramar,0.8409090909090909,0.26666666666666666,0.4,1.0,44
Progreso,1.2045454545454546,0.4,0.8,1.6,44
Deportes Copiapo,1.2419354838709677,0.3333333333333333,0.6,1.0,62
O'Higgins,1.45,0.8,2.2,1.0,60
Real Tomayapo,1.3088235294117647,0.4,1.6,2.2,68
Deportivo Maldonado,1.3793103448275863,0.6,0.8,0.4,58
Boston River,1.4318181818181819,0.26666666666666666,1.0,1.6,44
Cerro,1.1363636363636365,0.4666666666666667,1.2,1.4,44
Wanderers,1.25,0.4,0.6,0.8,44
Nacional Potosí,1.4714285714285715,0.8,1.8,1.4,70
Blooming,1.5441176470588236,0.4,2.0,3.0,68
Racing Montevideo,1.3863636363636365,0.4666666666666667,1.6,1.2,44
Liverpool Montevideo,1.3863636363636365,0.4,1.8,2.2,44
Guabirá,1.2205882352941178,0.6,2.0,2.6,68
Independiente,1.492063492063492,0.8,1.6,0.2,63
Cerro Largo,1.2727272727272727,0.13333333333333333,0.8,1.4,44
Penarol,2.1739130434782608,0.6666666666666666,1.8,0.8,46
Cobreloa,1.3181818181818181,0.3333333333333333,1.8,1.8,66
Huachipato,1.2833333333333334,0.7333333333333333,1.2,0.6,60
Jorge Wilstermann,1.0,0.3333333333333333,1.6,3.0,69
Oriente Petrolero,1.1470588235294117,0.2,1.2,2.4,68
A. Italiano,1.4333333333333333,0.6,1.4,1.0,60
Deportes Iquique,1.2,0.6,1.6,1.4,60
San Antonio Bulo Bulo,1.36,0.8,3.4,2.6,75
The Strongest,2.0694444444444446,0.4,2.2,1.4,72
Santa Cruz,0.7027027027027027,0.2,1.2,2.8,37
Inter Miami,2.038961038961039,0.8,3.4,0.8,77
Real Salt Lake,1.4366197183098592,0.4666666666666667,1.4,1.4,71
Royal Pari,1.0,0.4666666666666667,1.6,1.2,40
Sanfrecce Hiroshima,1.7894736842105263,0.6666666666666666,1.4,1.0,76
Urawa,1.4078947368421053,0.4666666666666667,1.0,1.4,76
Nagoya Grampus,1.2236842105263157,0.26666666666666666,0.8,1.6,76
Kashima,1.855263157894737,0.7333333333333333,1.2,0.6,76
Independiente Petrolero,1.380281690140845,0.6,2.6,1.8,71
U. Catolica,1.7333333333333334,0.6666666666666666,1.0,0.8,60
Curico Unido,1.0833333333333333,0.4666666666666667,0.8,1.0,60
Union San Felipe,0.9333333333333333,0.26666666666666666,0.8,1.0,60
Jubilo Iwata,1.3376623376623376,0.7333333333333333,1.6,1.0,77
Vissel Kobe,1.7894736842105263,0.26666666666666666,0.6,1.0,76
Yokohama FC,1.4605263157894737,0.26666666666666666,1.2,1.6,76
Renofa Yamaguchi,1.1710526315789473,0.6666666666666666,1.2,0.8,76
Mito Hollyhock,1.5,0.6,1.0,0.8,76
Iwaki,1.4473684210526316,0.6666666666666666,1.0,0.6,76
Sagan Tosu,1.2236842105263157,0.13333333333333333,0.8,1.6,76
Albirex Niigata,0.868421052631579,0.13333333333333333,1.2,2.4,76
Avispa Fukuoka,1.2894736842105263,0.5333333333333333,0.4,0.2,76
Consadole Sapporo,1.1842105263157894,0.4666666666666667,1.8,1.6,76
Fujieda MYFC,1.118421052631579,0.2,0.8,1.4,76
V-varen Nagasaki,1.8831168831168832,0.5333333333333333,1.6,0.8,77
Shonan Bellmare,1.013157894736842,0.4666666666666667,1.6,1.2,76
Kawasaki Frontale,1.4342105263157894,0.26666666666666666,1.4,2.4,76
Machida Zelvia,1.6578947368421053,0.3333333333333333,0.6,0.6,76
Gamba Osaka,1.618421052631579,0.4666666666666667,1.4,1.6,76
Cerezo Osaka,1.368421052631579,0.6,2.0,1.6,76
FC Tokyo,1.368421052631579,0.6,1.0,0.4,76
Antofagasta,1.359375,0.4666666666666667,1.4,1.0,64
D. La Serena,1.6166666666666667,0.2,0.6,1.6,60
Columbus Crew,1.6986301369863013,0.4666666666666667,1.8,1.0,73
Atlanta United FC,1.0273972602739727,0.13333333333333333,0.4,1.8,73
Magallanes,1.435483870967742,0.4,0.8,1.2,62
Rangers de Talca,1.5294117647058822,0.4,0.8,1.6,68
Palestino,1.5833333333333333,0.4666666666666667,1.8,1.4,60
Universidad de Chile,2.0,0.8666666666666667,2.2,1.2,60
Los Angeles FC,1.8266666666666667,0.5333333333333333,2.0,1.4,75
Seattle Sounders,1.6266666666666667,0.7333333333333333,2.0,1.2,75
Nashville SC,1.3098591549295775,0.26666666666666666,1.2,2.8,71
New York Red Bulls,1.36986301369863,0.2,1.2,1.8,73
Deportes Santa Cruz,1.1612903225806452,0.3333333333333333,0.6,0.8,62
Barnechea,1.6666666666666667,0.4666666666666667,2.4,1.6,30
Charlotte,1.527027027027027,0.4666666666666667,0.8,0.8,74
New York City FC,1.5584415584415585,0.6666666666666666,1.2,1.2,77
Orlando City SC,1.527027027027027,0.13333333333333333,1.2,2.2,74
CF Montreal,1.0135135135135136,0.26666666666666666,1.0,1.8,74
Philadelphia Union,1.5070422535211268,0.4666666666666667,1.2,1.0,71
Chicago Fire,1.2253521126760563,0.4,1.8,2.0,71
DC United,0.9705882352941176,0.13333333333333333,0.8,2.4,68
New England Revolution,0.9852941176470589,0.3333333333333333,1.2,1.6,68
FC Dallas,1.2285714285714286,0.4666666666666667,1.2,1.6,70
San Jose Earthquakes,0.9117647058823529,0.4,1.4,2.4,68
Houston Dynamo,1.3285714285714285,0.26666666666666666,1.0,1.8,70
Sporting Kansas City,0.8676470588235294,0.06666666666666667,0.4,2.2,68
Austin,1.2714285714285714,0.2,1.0,2.2,70
Minnesota United FC,1.52,0.13333333333333333,1.2,2.0,75
St. Louis City,1.0147058823529411,0.6666666666666666,2.0,1.4,68
Portland Timbers,1.3013698630136987,0.26666666666666666,1.2,2.6,73
Colorado Rapids,1.3,0.3333333333333333,1.2,1.6,70
Ehime FC,0.8157894736842105,0.13333333333333333,0.6,2.4,76
Blaublitz Akita,1.2763157894736843,0.3333333333333333,0.6,1.8,76
Fagiano Okayama,1.4871794871794872,0.26666666666666666,1.0,1.6,78
Tochigi SC,0.8947368421052632,0.26666666666666666,0.2,0.4,38
JEF United Chiba,1.7435897435897436,0.8666666666666667,2.4,0.8,78
Montedio Yamagata,1.5454545454545454,0.7333333333333333,2.0,1.4,77
Roasso Kumamoto,1.0921052631578947,0.13333333333333333,0.2,1.0,76
Shimizu S-pulse,1.6578947368421053,0.2,1.2,2.4,76
Tokyo Verdy,1.3026315789473684,0.26666666666666666,0.4,1.2,76
Yokohama F. Marinos,1.25,0.8,2.8,0.6,76
Thespakusatsu Gunma,0.47368421052631576,0.06666666666666667,0.2,1.6,38
Kagoshima United,0.7894736842105263,0.26666666666666666,1.0,1.2,38
Tokushima Vortis,1.5512820512820513,0.5333333333333333,1.6,1.0,78
Ventforet Kofu,1.1710526315789473,0.13333333333333333,0.4,1.4,76
Kashiwa Reysol,1.5263157894736843,1.0,2.4,0.2,76
Kyoto Sanga,1.513157894736842,0.5333333333333333,1.0,1.0,76
Oita Trinita,1.0657894736842106,0.2,0.6,1.6,76
Vegalta Sendai,1.6538461538461537,0.4666666666666667,1.4,1.2,78
Everton de Vina,1.1833333333333333,0.2,0.4,1.4,60
Union La Calera,1.05,0.0,0.6,2.2,60
Aurora,1.457142857142857,0.6,2.0,1.8,70
FC Cincinnati,1.7866666666666666,0.6,1.2,1.8,75
Toronto FC,1.1066666666666667,0.4,1.6,1.6,75
Recoleta,1.25,0.13333333333333333,0.6,1.6,64
Santiago Wanderers,1.3064516129032258,0.13333333333333333,1.0,1.8,62
Defensor Sporting,1.75,0.5333333333333333,1.4,1.4,44
Cobresal,1.3333333333333333,0.4,1.4,2.0,60
San Marcos de Arica,1.4375,0.8,1.8,0.8,64
Deportes Temuco,1.1,0.3333333333333333,1.4,1.2,60
Los Angeles Galaxy,1.4931506849315068,0.6,2.2,1.6,73
Shandong Luneng,1.6833333333333333,0.7333333333333333,2.6,1.2,60
Changchun Yatai,0.85,0.13333333333333333,0.8,2.2,60
Qingdao Youth Island,1.2,0.4666666666666667,1.2,1.0,60
Henan Jianye,1.2166666666666666,0.5333333333333333,1.4,1.0,60
SHANGHAI SIPG,2.4,0.8,2.4,1.6,60
Wuhan Three Towns,0.9333333333333333,0.06666666666666667,0.8,2.2,60
Suduva Marijampole,1.364864864864865,0.5333333333333333,1.2,1.0,74
Šiauliai,1.2837837837837838,0.13333333333333333,1.2,2.2,74
Dinamo Batumi,1.3421052631578947,0.4,1.4,2.8,76
Kolkheti Poti,0.875,0.2,1.2,2.6,72
Santiago Morning,1.2741935483870968,0.6666666666666666,1.6,0.6,62
San Luis,1.1166666666666667,0.26666666666666666,0.6,1.2,60
Delfin SC,0.9710144927536232,0.06666666666666667,0.0,2.6,69
Independiente del Valle,2.0833333333333335,0.5333333333333333,0.8,0.6,72
Shijiazhuang Y. J.,0.9666666666666667,0.13333333333333333,0.8,1.4,30
Beijing Guoan,1.8833333333333333,0.6,3.2,1.8,60
Tianjin Teda,1.4333333333333333,0.26666666666666666,1.0,1.8,60
Nantong Zhiyun,1.0833333333333333,0.26666666666666666,1.0,1.2,60
Džiugas Telšiai,1.2222222222222223,0.3333333333333333,1.6,2.2,72
Panevėžys,1.1875,0.4666666666666667,2.2,1.6,80
Chengdu Better City,1.9833333333333334,0.4,2.0,1.8,60
Qingdao Jonoon,0.9,0.4666666666666667,2.0,1.8,60
Banga,1.1486486486486487,0.6,2.6,1.0,74
Kauno Žalgiris,1.7564102564102564,0.4666666666666667,1.4,1.2,78
Saburtalo,2.0,1.0,2.0,0.2,80
Telavi,1.0,0.5333333333333333,1.6,1.0,76
Dinamo Tbilisi,1.3108108108108107,0.3333333333333333,1.4,1.8,74
Samgurali,1.1944444444444444,0.2,1.4,2.2,72
Torpedo Kutaisi,1.7625,0.8666666666666667,3.4,1.2,80
Samtredia,1.0138888888888888,0.4666666666666667,1.4,1.4,72
Mushuc Runa SC,1.1666666666666667,0.4,0.4,0.8,66
Libertad,1.2236842105263157,0.4,1.4,1.4,76
Aucas,1.4714285714285715,0.6,1.2,1.2,70
Orense SC,1.4,0.5333333333333333,1.2,1.0,70
Deportes Limache,1.2424242424242424,0.6,1.4,1.2,66
Deportivo Cuenca,1.3,0.6666666666666666,2.4,0.6,70
Emelec,1.3142857142857143,0.4,1.4,1.8,70
Vancouver Whitecaps,1.6666666666666667,0.5333333333333333,2.0,1.4,87
Dainava,0.875,0.13333333333333333,0.6,2.4,72
FK Zalgiris Vilnius,1.925,0.6666666666666666,1.6,1.2,80
Hangzhou Greentown,1.3333333333333333,0.26666666666666666,1.8,2.4,60
Sichuan Jiuniu,0.9333333333333333,0.4666666666666667,1.2,1.2,60
Meizhou Kejia,0.8,0.26666666666666666,1.2,2.8,60
Shanghai Shenhua,2.35,0.8666666666666667,2.8,1.0,60
Dila,2.013157894736842,0.8666666666666667,2.4,1.0,76
Gagra,1.1216216216216217,0.4,2.2,2.0,74
Universidad de Concepcion,1.5833333333333333,0.8,2.0,1.2,60
Hegelmann Litauen,1.8108108108108107,0.6,1.8,1.4,74
TransINVEST Vilnius,1.7205882352941178,0.8,3.2,0.6,68
Universidad Catolica,1.5571428571428572,0.2,0.4,1.0,70
El Nacional,1.2753623188405796,0.4,1.0,2.8,69
Tecnico Universitario,1.0757575757575757,0.3333333333333333,1.0,1.2,66
Cumbayá,1.064516129032258,0.5333333333333333,1.2,1.2,62
Rampla Juniors,0.9622641509433962,0.26666666666666666,0.8,1.4,53
Barcelona SC,1.7571428571428571,0.4,1.2,1.2,70
Imbabura,0.8870967741935484,0.5333333333333333,1.6,1.2,62
LDU de Quito,1.9027777777777777,0.4666666666666667,1.2,1.0,72
Macara,1.3571428571428572,0.8,1.8,0.2,70
WIT Georgia,1.1388888888888888,0.2,0.6,1.6,36
Kolkheti Khobi,0.5555555555555556,0.0,0.8,3.6,36
Spaeri,1.5526315789473684,0.4,1.4,1.8,76
Lokomotivi Tbilisi,1.337837837837838,0.6,2.4,1.6,74
Dinamo Tbilisi II,1.0972222222222223,0.06666666666666667,1.0,3.2,72
Rustavi,1.8513513513513513,0.6,2.8,1.0,74
Gareji,1.4054054054054055,0.2,0.8,2.6,74
Aragvi Dusheti,1.325,0.3333333333333333,1.2,1.4,40
Hegelmann II,1.0833333333333333,0.26666666666666666,0.8,1.8,60
Be1 NFA,1.5483870967741935,0.8,3.0,0.8,62
Shturmi,1.2105263157894737,0.3333333333333333,1.2,1.2,38
Sioni,1.5,0.8666666666666667,3.2,0.8,74
Nevėžis,1.2166666666666666,0.26666666666666666,1.4,2.6,60
Banga II,0.4,0.06666666666666667,0.6,2.2,30
Minija,1.1166666666666667,0.2,0.2,2.2,60
Kauno Žalgiris II,1.0333333333333334,0.0,1.0,2.8,60
Babrungas,1.9166666666666667,0.8,3.4,2.2,60
Panevėžys II,0.9166666666666666,0.06666666666666667,1.0,3.6,60
Neptūną Klaipėda,2.0161290322580645,0.6666666666666666,1.6,0.6,62
Atmosfera,1.5333333333333334,0.7333333333333333,2.2,0.6,60
Guangxi Baoyun,1.2,0.26666666666666666,0.8,2.4,60
Jiangxi Liansheng,0.6333333333333333,0.26666666666666666,0.6,1.2,30
Chongqing Tongliang Long,1.8333333333333333,0.7333333333333333,1.2,0.2,60
Shenyang Urban,1.9666666666666666,0.8666666666666667,2.4,0.4,60
Dongguan United,1.0166666666666666,0.26666666666666666,0.6,2.4,60
Yunnan Yukun,1.8,0.7333333333333333,1.8,0.6,60
Guangzhou Evergrande FC,1.7333333333333334,0.5333333333333333,1.4,0.8,30
Heilongjiang Lava Spring,1.1833333333333333,0.3333333333333333,0.8,1.2,60
BFA,1.5333333333333334,0.4666666666666667,1.8,2.4,60
Ekranas,1.1333333333333333,0.4,1.2,1.6,60
FK Trakai,1.5294117647058822,0.4,1.2,1.6,68
Tauras,1.8166666666666667,0.5333333333333333,1.2,0.8,60
FA Šiauliai II,1.0,0.6666666666666666,2.8,1.4,62
Garliava,0.7666666666666667,0.4,1.0,1.6,30
Shanghai Jiading,1.0166666666666666,0.2,0.8,2.0,60
Nanjing City,1.1666666666666667,0.4666666666666667,1.6,2.6,60
Suzhou Dongwu,1.4333333333333333,0.5333333333333333,0.8,0.4,60
Yanbian Longding,1.4333333333333333,0.8666666666666667,2.8,0.6,60
Wuxi Wugou,0.7333333333333333,0.2,0.6,1.4,30
Hebei Kungfu,1.5833333333333333,0.4,0.8,0.8,60
Qingdao Red Lions,0.65,0.06666666666666667,1.2,2.4,60
Dalian Zhixing,1.55,0.2,0.8,1.4,60
Ind. Juniors,1.5294117647058822,0.4666666666666667,2.0,1.4,68
Vargas Torres,1.1176470588235294,0.5333333333333333,1.0,0.4,68
Cuniburo,1.4027777777777777,0.3333333333333333,1.0,1.2,72
Leones del Norte,1.338235294117647,0.7333333333333333,1.2,0.6,68
9 de Octubre,1.3676470588235294,0.5333333333333333,1.8,1.0,68
Manta FC,1.375,0.6666666666666666,2.0,1.2,72
San Antonio,1.2352941176470589,0.3333333333333333,1.6,2.2,68
Gualaceo SC,1.3529411764705883,0.0,0.8,2.8,68
Chacaritas,0.7647058823529411,0.06666666666666667,0.2,1.8,68
Guayaquil City FC,1.7205882352941178,0.6,1.2,0.6,68
FC Isloch Minsk R.,1.5,0.4,0.8,0.8,62
Dinamo Brest,1.6612903225806452,0.4666666666666667,0.8,1.2,62
Slavia Mozyr,1.5333333333333334,0.6666666666666666,2.0,1.0,60
FC Dnepr Mogilev,1.328125,0.4666666666666667,1.4,1.2,64
FC Minsk,1.3166666666666667,0.6666666666666666,1.8,1.6,60
Bate Borisov,1.3333333333333333,0.6666666666666666,1.8,0.6,60
Neman,1.7714285714285714,0.4666666666666667,1.4,1.2,70
Naftan,0.967741935483871,0.2,0.8,2.4,62
Cerrito,1.106060606060606,0.26666666666666666,0.8,1.2,66
Atenas,1.3623188405797102,0.4,1.0,1.0,69
Juventud,1.728813559322034,0.8,1.8,1.2,59
Tacuarembo,1.3134328358208955,0.4,1.4,1.4,67
Dinamo Minsk,1.8354430379746836,0.7333333333333333,1.4,0.4,79
Smorgon,1.0161290322580645,0.4666666666666667,0.6,0.8,62
Kansas City W,2.2363636363636363,0.6,1.2,0.8,55
Portland Thorns W,1.4,0.6,1.0,0.6,55
Plaza Colonia,1.5740740740740742,0.4666666666666667,1.0,0.8,54
Atletico Torque,1.456140350877193,0.3333333333333333,1.4,1.4,57
Racing Louisville W,1.2452830188679245,0.6,1.6,1.0,53
Orlando Pride W,1.9649122807017543,0.6666666666666666,1.4,0.8,57
Dinamo de Puerto La Cruz,1.546875,0.4666666666666667,0.8,1.0,64
Academia Anzoátegui,1.3076923076923077,0.3333333333333333,1.0,1.2,65
Seattle Reign FC,1.169811320754717,0.4,0.8,1.0,53
Washington Spirit W,1.8620689655172413,0.26666666666666666,1.0,1.2,58
North Carolina Courage W,1.3962264150943395,0.4666666666666667,2.0,1.8,53
Houston Dash W,0.9615384615384616,0.26666666666666666,0.4,1.8,52
Utah Royals W,0.9615384615384616,0.4666666666666667,1.6,1.4,52
Chicago Red Stars W,0.9811320754716981,0.3333333333333333,1.4,2.8,53
La Luz,1.03125,0.6,1.0,0.4,64
Uruguay Montevideo,1.2285714285714286,0.3333333333333333,0.8,0.8,70
Arsenal,1.7777777777777777,0.8666666666666667,1.6,0.4,153
Torpedo Zhodino,1.803030303030303,0.3333333333333333,0.6,0.8,66
FC Slutsk,1.0327868852459017,0.2,1.0,2.4,61
FC Gomel,1.45,0.6666666666666666,1.4,1.2,60
Shakhter Soligorsk,0.7333333333333333,0.06666666666666667,0.4,1.2,30
FC Vitebsk,1.3,0.26666666666666666,0.8,1.6,60
Petare FC,1.7540983606557377,0.5333333333333333,1.4,1.6,61
Marítimo,1.7333333333333334,0.5333333333333333,2.2,1.2,60
Atlético La Cruz,1.6896551724137931,0.8666666666666667,2.8,0.8,29
Nueva Esparta,0.7142857142857143,0.26666666666666666,1.0,1.6,28
Atletico el Vigia FC,1.0357142857142858,0.4,1.0,0.8,56
Trujillanos FC,1.878787878787879,0.8666666666666667,1.6,0.4,66
Urena SC,1.0178571428571428,0.4,1.0,2.0,56
Real Frontera,1.2586206896551724,0.5333333333333333,1.6,1.0,58
Aragua FC,1.2666666666666666,0.26666666666666666,0.8,1.2,60
Yaracuyanos FC,1.4166666666666667,0.4,1.2,2.2,60
Fundacion AIFI,0.75,0.0,0.2,2.6,28
Angel City W,1.0384615384615385,0.2,0.6,1.2,52
Bay FC,1.0188679245283019,0.06666666666666667,0.6,2.0,53
SUD America,0.96875,0.2,0.8,1.8,32
Colón,1.6176470588235294,0.4666666666666667,0.8,0.8,68
Rentistas,1.390625,0.06666666666666667,0.8,2.2,64
Héroes de Falcón,1.2456140350877194,0.5333333333333333,2.6,1.8,57
Fundación Lara Deportiva,1.5087719298245614,0.5333333333333333,0.8,0.6,57
Cooper,1.03125,0.4666666666666667,1.4,1.0,32
San Diego Wave W,1.169811320754717,0.4,2.2,1.6,53
Albion FC,1.640625,0.3333333333333333,0.8,0.8,64
NJ/NY Gotham FC W,1.8421052631578947,0.6666666666666666,1.6,1.2,57
GIF Sundsvall,1.2903225806451613,0.13333333333333333,0.8,1.6,62
Ostersunds FK,1.1935483870967742,0.4666666666666667,0.8,2.2,62
Oriental,1.46875,0.5333333333333333,1.2,1.0,64
Orgryte IS,1.6774193548387097,0.3333333333333333,0.8,1.0,62
Utsikten,1.1612903225806452,0.06666666666666667,1.2,2.6,62
IFK Norrkoping,1.032258064516129,0.06666666666666667,0.4,1.8,62
Malmo FF,1.6222222222222222,0.2,0.8,1.8,90
Hammarby FF,1.890625,0.8666666666666667,2.2,0.8,64
Kalmar FF,1.5666666666666667,0.8,2.2,1.0,60
Gais,1.6666666666666667,0.6666666666666666,1.8,1.2,60
IF Brommapojkarna,1.0833333333333333,0.13333333333333333,0.6,1.8,60
Landskrona BoIS,1.467741935483871,0.4666666666666667,1.6,2.2,62
Sandviken,1.4,0.7333333333333333,2.2,0.6,60
trelleborgs FF,1.0666666666666667,0.3333333333333333,1.0,1.6,60
Oddevold,1.4,0.3333333333333333,1.2,1.8,60
BK Hacken,1.2875,0.06666666666666667,0.6,1.4,80
Mjallby AIF,2.0833333333333335,1.0,2.4,0.2,60
ODD Ballklubb,0.9333333333333333,0.13333333333333333,1.2,3.6,60
Haugesund,0.7419354838709677,0.2,1.4,3.0,62
Gefle IF,1.0666666666666667,0.4666666666666667,1.0,1.2,30
Helsingborg,1.4666666666666666,0.4666666666666667,2.0,1.6,60
Orebro SK,1.032258064516129,0.4666666666666667,1.0,1.0,62
Skövde AIK,0.8333333333333334,0.2,1.6,2.8,30
Sirius,1.3333333333333333,0.8666666666666667,3.0,0.8,60
Halmstad,1.1333333333333333,0.4666666666666667,0.6,1.2,60
IFK Goteborg,1.3666666666666667,0.4666666666666667,1.2,0.8,60
Djurgardens IF,1.7179487179487178,0.5333333333333333,2.4,1.4,78
Fredrikstad,1.46875,0.4666666666666667,1.0,1.4,64
Bodo/Glimt,1.9895833333333333,0.8,2.0,1.6,96
IK brage,1.3666666666666667,0.6,2.0,1.6,60
Varbergs BoIS FC,1.3666666666666667,0.13333333333333333,1.0,2.0,60
IF Elfsborg,1.5,0.2,1.0,2.6,76
IFK Varnamo,0.8225806451612904,0.26666666666666666,1.4,3.4,62
AIK Stockholm,1.734375,0.26666666666666666,1.6,1.8,64
Vasteras SK FK,1.4666666666666666,1.0,3.0,0.6,60
Moss,1.353846153846154,0.3333333333333333,1.2,1.4,65
Lyn,1.5245901639344261,0.2,1.4,2.4,61
Asane,1.1333333333333333,0.2,1.0,2.0,60
Levanger,0.9666666666666667,0.2,2.2,2.8,30
Sandnes ULF,0.5666666666666667,0.06666666666666667,0.8,3.0,30
Egersund,1.619047619047619,0.6666666666666666,1.4,1.2,63
Kongsvinger,1.625,0.4666666666666667,1.6,1.4,64
Ranheim,1.4262295081967213,0.6,2.6,1.4,61
Aalesund,1.578125,0.6666666666666666,2.4,1.2,64
Stabaek,1.2166666666666666,0.4,1.6,2.4,60
Bryne,1.4838709677419355,0.4,1.0,2.6,62
Start,1.5,0.7333333333333333,1.8,0.8,60
Mjondalen,0.95,0.4666666666666667,1.2,1.6,60
Raufoss,1.1833333333333333,0.26666666666666666,1.2,2.0,60
Valerenga,1.8666666666666667,0.6,1.8,1.6,60
Sogndal,1.2833333333333334,0.4666666666666667,1.4,1.2,60
Lillestrom,1.7333333333333334,1.0,3.8,0.6,60
Kristiansund BK,1.1333333333333333,0.2,1.0,2.6,60
Tromso,1.515625,0.8,2.2,0.8,64
Brann,1.7682926829268293,0.06666666666666667,0.6,2.0,82
Molde,1.486842105263158,0.6,2.2,1.4,76
Stromsgodset,0.9666666666666667,0.0,1.0,3.6,60
Rosenborg,1.6363636363636365,0.4666666666666667,2.0,1.2,66
Sandefjord,1.3666666666666667,0.6666666666666666,2.2,1.2,60
Viking,2.109375,1.0,3.2,0.6,64
Sarpsborg 08 FF,1.3,0.6,1.2,1.4,60
Osters IF,1.3333333333333333,0.26666666666666666,1.4,2.2,60
Degerfors IF,1.4166666666666667,0.5333333333333333,1.4,1.0,60
KFUM Oslo,1.2,0.06666666666666667,0.8,2.2,60
Ham-Kam,1.1666666666666667,0.6,2.4,1.6,60
Monaro Panthers,1.6666666666666667,0.8,2.8,1.2,45
Canberra Olympic,0.42857142857142855,0.2,1.4,2.4,21
Ostrovets FC,1.3823529411764706,0.6,1.6,1.4,68
FC Energetik-Bgu Minsk,0.8529411764705882,0.26666666666666666,1.4,1.0,34
Club Sp. San Lorenzo,1.65,0.7333333333333333,1.2,0.2,60
Martin Ledesma,1.2,0.26666666666666666,1.0,1.4,30
Deportivo Santani,1.2833333333333334,0.4,1.0,0.8,60
Atlético Tembetary,1.5384615384615385,0.06666666666666667,0.8,2.6,52
Gungahlin United,1.6590909090909092,0.26666666666666666,2.2,4.4,44
Tuggeranong United,1.2325581395348837,0.4,2.2,3.6,43
Torpedo BelAZ II,0.6176470588235294,0.0,0.6,3.6,34
Orsha,1.0294117647058822,0.4,1.4,2.4,68
ABFF U17,0.9705882352941176,0.6666666666666666,0.8,0.6,34
Bumprom,1.5735294117647058,0.6666666666666666,2.8,1.0,68
Gnistan,1.2131147540983607,0.13333333333333333,1.0,2.2,61
Inter Turku,1.7,0.5333333333333333,1.8,1.4,60
Slonim,0.6764705882352942,0.2,1.0,2.6,68
Belshina,2.0,0.6,2.0,1.4,70
Ilves,1.8208955223880596,0.4666666666666667,2.0,1.8,67
Lahti,0.9310344827586207,0.3333333333333333,0.8,1.4,29
Haka,1.0344827586206897,0.06666666666666667,0.6,1.4,58
VPS,1.2280701754385965,0.4,1.0,1.6,57
SJK,1.6349206349206349,0.5333333333333333,2.4,1.8,63
AC Oulu,1.0185185185185186,0.6,1.0,1.0,54
Fernando De La Mora,1.05,0.3333333333333333,0.6,1.2,60
3 de Febrero,1.0227272727272727,0.2,0.8,5.0,44
Atlético Colegiales,0.3333333333333333,0.0,0.4,3.2,30
Encarnación,1.3166666666666667,0.13333333333333333,0.6,1.8,60
Dinamo Minsk II,1.3529411764705883,0.4,1.4,0.8,68
Niva,1.7857142857142858,0.4,1.4,1.2,70
Mariehamn,1.0740740740740742,0.7333333333333333,1.8,1.0,54
EIF,0.7037037037037037,0.4,1.0,1.2,27
KuPS,1.860759493670886,0.13333333333333333,0.4,1.2,79
HJK Helsinki,1.48,0.13333333333333333,1.4,2.4,75
Vikingur Reykjavik,1.986842105263158,1.0,2.2,0.8,76
Stjarnan,1.5517241379310345,0.13333333333333333,1.4,2.0,58
Deportiva Agropecuaria,1.170731707317073,0.5333333333333333,1.6,1.2,41
Deportivo Llacuabamba,1.4390243902439024,0.6,1.8,1.4,41
Yoogali CT,0.6190476190476191,0.4,2.2,2.6,42
Canberra FC,2.0869565217391304,0.6,3.6,2.0,46
Lokomotiv Gomel,1.4558823529411764,0.8666666666666667,1.6,0.4,68
ML Vitebsk,2.203125,0.8666666666666667,2.2,0.4,64
Lida,1.6323529411764706,0.6,2.6,1.0,68
Volna,1.6764705882352942,0.2,2.0,2.0,68
Shakhtyor Petrikov,0.9117647058823529,0.2,0.2,2.2,34
Molodechno-DYuSSh 4,1.359375,0.0,0.2,1.2,64
Fram Reykjavik,1.2222222222222223,0.4666666666666667,1.8,1.8,54
Vestri,1.0,0.13333333333333333,0.6,3.2,54
KA Akureyri,1.375,0.6666666666666666,3.2,2.0,56
HK Kopavogur,1.3653846153846154,0.8,3.2,2.2,52
BATE II,1.5,0.5333333333333333,1.6,1.4,68
Baranovichi,1.588235294117647,0.6,1.2,0.8,68
Rubio NU,1.7,0.6666666666666666,1.6,0.6,60
12 de Junio VH,1.4333333333333333,0.4,0.8,1.0,60
Sportivo Carapeguá,1.5333333333333334,0.26666666666666666,1.0,1.4,60
Deportivo Recoleta,1.7692307692307692,0.4,0.8,0.8,52
Valur Reykjavik,1.6290322580645162,0.3333333333333333,1.6,2.2,62
IA Akranes,1.3148148148148149,0.8,2.2,1.4,54
Fylkir,0.8979591836734694,0.8,2.6,0.6,49
KR Reykjavik,1.2037037037037037,0.4666666666666667,2.6,2.2,54
Comerciantes,1.6923076923076923,0.4,1.6,0.6,52
UCV Moquegua,1.4615384615384615,0.6666666666666666,1.4,1.2,52
Breidablik,1.6944444444444444,0.4666666666666667,1.8,2.0,72
FH hafnarfjordur,1.2407407407407407,0.2,1.6,2.2,54
Deportivo Municipal,1.3333333333333333,0.3333333333333333,1.2,2.2,18
Academia Cantolao,1.1224489795918366,0.4,1.2,1.6,49
Independiente F.b.c.,1.2,0.4666666666666667,0.8,1.0,60
Guairena FC,1.3333333333333333,0.5333333333333333,1.8,1.2,60
Resistencia,1.4166666666666667,0.3333333333333333,1.4,2.6,60
Pastoreo,1.0666666666666667,0.7333333333333333,1.6,0.2,60
U. San Martin,1.2954545454545454,0.6,2.0,1.2,44
Deportivo Binacional,1.288888888888889,0.3333333333333333,0.6,1.0,45
Atlantis,1.3888888888888888,0.2,2.2,4.0,54
Vaajakoski,0.4074074074074074,0.13333333333333333,1.4,2.8,27
O'Connor Knights,1.3255813953488371,0.26666666666666666,2.2,3.4,43
KPV-j,1.8333333333333333,0.4,1.6,1.8,54
Rops,1.3333333333333333,0.8666666666666667,3.0,1.2,54
PKKU,1.4444444444444444,0.6666666666666666,1.4,1.4,54
JJK,1.3703703703703705,0.2,1.4,2.8,54
EPS,1.2407407407407407,0.6,2.0,0.8,54
OLS,1.7592592592592593,0.8666666666666667,2.8,0.8,54
VIFK,0.8148148148148148,0.6666666666666666,2.6,1.6,27
KuPS Akatemia,1.2962962962962963,0.6666666666666666,2.2,1.6,54
Klubi-04,2.185185185185185,0.6,2.4,1.6,27
FC jazz,1.2962962962962963,0.2,1.8,2.4,54
Internacional,1.4342105263157894,0.4666666666666667,1.4,2.2,76
Bahia,1.486842105263158,0.4666666666666667,1.2,1.2,76
Criciuma,1.3026315789473684,0.4666666666666667,0.8,0.6,76
Juventude,1.0526315789473684,0.2,1.2,2.0,76
Sao Paulo,1.4473684210526316,0.4,1.2,2.2,76
Fortaleza EC,1.4605263157894737,0.8,1.8,1.4,76
Fluminense,1.4473684210526316,0.8666666666666667,2.4,0.4,76
RB Bragantino,1.2105263157894737,0.4,1.4,1.4,76
Cooma Tigers FC,1.851063829787234,0.8,2.8,1.2,47
Ayacucho FC,1.0333333333333334,0.2,1.2,2.0,60
Atletico Paranaense,1.4078947368421053,1.0,1.6,0.2,76
Cuiaba,1.105263157894737,0.26666666666666666,0.6,1.4,76
Atletico Goianiense,1.0789473684210527,0.26666666666666666,0.6,1.0,76
Flamengo,1.9605263157894737,0.5333333333333333,1.8,1.2,76
Corinthians,1.355263157894737,0.3333333333333333,1.4,1.8,76
Atletico-MG,1.25,0.26666666666666666,1.2,1.4,76
Vasco DA Gama,1.25,0.2,1.0,2.2,76
Gremio,1.236842105263158,0.6,2.4,1.4,76
Cruzeiro,1.605263157894737,0.4,1.8,1.8,76
Botafogo,1.868421052631579,0.7333333333333333,2.8,2.0,76
Vitoria,1.2105263157894737,0.6666666666666666,1.2,1.0,76
Palmeiras,1.9605263157894737,0.5333333333333333,1.6,0.8,76
Santos,1.48,0.7333333333333333,2.2,0.4,125
Deportivo Coopsol,1.065217391304348,0.26666666666666666,0.6,1.4,46
Juan Pablo II College,1.1333333333333333,0.2,0.8,1.6,60
Molinos El Pirata,1.1428571428571428,0.4666666666666667,1.0,1.2,42
San Marcos,1.4523809523809523,0.06666666666666667,0.6,3.8,42
Botafogo SP,1.144736842105263,0.5333333333333333,0.6,0.6,76
America Mineiro,1.368421052631579,0.5333333333333333,1.2,0.8,76
Novorizontino,1.631578947368421,0.4,1.4,1.0,76
CRB,1.3026315789473684,0.5333333333333333,1.2,1.2,76
Operario-PR,1.394736842105263,0.4,1.2,1.4,76
Avai,1.4342105263157894,0.7333333333333333,1.8,1.0,76
Chapecoense-sc,1.394736842105263,0.5333333333333333,1.0,0.6,76
Ituano,0.9736842105263158,0.2,1.4,2.2,38
Paysandu,1.0263157894736843,0.06666666666666667,1.2,2.0,76
Amazonas,1.1578947368421053,0.26666666666666666,1.0,1.4,76
Sport Recife,1.0921052631578947,0.0,0.6,3.0,76
Ceara,1.4078947368421053,0.06666666666666667,0.6,2.0,76
Goias,1.631578947368421,0.6,1.0,1.0,76
Alianza Universidad,1.4406779661016949,0.26666666666666666,1.8,1.8,59
Ponte Preta,1.0,0.0,0.6,2.6,38
Coritiba,1.5526315789473684,0.7333333333333333,1.0,0.4,76
Vila Nova,1.3421052631578947,0.26666666666666666,1.6,2.0,76
Guarani Campinas,0.868421052631579,0.13333333333333333,0.2,1.0,38
Brusque,0.9473684210526315,0.2,0.4,1.4,38
Mirassol,1.763157894736842,0.5333333333333333,1.8,1.2,76
Carlos Stein,0.0,0.0,0.6,3.6,17
Grindavik,1.0681818181818181,0.26666666666666666,1.2,2.6,44
Fjolnir,1.1521739130434783,0.2,1.2,2.4,46
Forge,1.8,0.5333333333333333,1.6,1.8,10
Leiknir R.,1.1590909090909092,0.6666666666666666,1.6,1.2,44
Njardvik,1.7173913043478262,0.6,1.8,1.4,46
Afturelding,1.3461538461538463,0.4,1.4,1.4,52
Grotta,0.7272727272727273,0.2,1.0,1.6,22
Throttur Reykjavik,1.5434782608695652,0.2,2.0,3.0,46
Thor Akureyri,1.6136363636363635,0.8,2.0,1.2,44
Keflavik,1.68,0.8,2.8,0.8,50
IR Reykjavik,1.6304347826086956,0.26666666666666666,1.4,1.8,46
Dalvík / Reynir,0.5909090909090909,0.0,1.0,3.8,22
IBV Vestmannaeyjar,1.469387755102041,0.26666666666666666,2.0,1.8,49
Sarmiento Junin,1.0338983050847457,0.3333333333333333,0.8,1.2,59
Instituto Cordoba,1.1666666666666667,0.26666666666666666,0.8,1.2,60
Newells Old Boys,1.0338983050847457,0.26666666666666666,0.8,1.2,59
Platense,1.3333333333333333,0.06666666666666667,0.2,1.8,63
Argentinos JRS,1.492063492063492,0.6,1.0,0.8,63
Rosario Central,1.6290322580645162,0.4666666666666667,0.8,0.6,62
Huracan,1.5873015873015872,0.26666666666666666,0.8,1.4,63
Defensa Y Justicia,1.1864406779661016,0.2,0.4,1.8,59
Godoy Cruz,1.0847457627118644,0.2,0.4,1.0,59
Barracas Central,1.2096774193548387,0.5333333333333333,0.8,0.6,62
Talleres Cordoba,1.3666666666666667,0.4666666666666667,0.4,0.8,60
River Plate,1.6129032258064515,0.26666666666666666,0.8,1.2,62
Central Cordoba de Santiago,1.2459016393442623,0.4,0.6,0.6,61
Tigre,1.403225806451613,0.5333333333333333,0.4,0.4,62
Estudiantes L.P.,1.375,0.6666666666666666,1.0,0.6,64
Deportivo Riestra,1.4262295081967213,0.26666666666666666,0.4,0.8,61
San Lorenzo,1.3333333333333333,0.5333333333333333,1.0,0.8,63
Lanus,1.4262295081967213,0.4666666666666667,1.4,1.0,61
Independ. Rivadavia,1.35,0.3333333333333333,0.8,1.0,60
Belgrano Cordoba,1.2203389830508475,0.4,0.6,0.6,59
Racing Club,1.671875,0.7333333333333333,1.2,0.6,64
Atletico Tucuman,1.2542372881355932,0.2,0.8,2.2,59
Boca Juniors,1.734375,0.8,1.4,0.2,64
Gimnasia L.P.,1.2258064516129032,0.8,1.8,0.4,62
Velez Sarsfield,1.5166666666666666,0.26666666666666666,0.4,1.0,60
Union Santa Fe,1.3166666666666667,0.5333333333333333,1.0,0.4,60
Banfield,1.0,0.4666666666666667,1.2,1.4,59
Serbian White Eagles,2.3043478260869565,0.6666666666666666,5.0,0.8,23
SC Scarborough,2.347826086956522,0.8666666666666667,4.8,0.4,23
Unity ON,0.8636363636363636,0.2,1.6,5.6,22
Future Stars,0.5833333333333334,0.4,1.0,3.6,12
Hamilton City,0.5833333333333334,0.2,1.2,3.2,12
Toronto Falcons,2.1666666666666665,0.7333333333333333,2.2,0.4,12
Puebla,0.75,0.3333333333333333,1.2,1.2,64
Santos Laguna,0.71875,0.4666666666666667,1.2,1.6,64
Club Queretaro,1.0,0.3333333333333333,0.4,1.2,63
Club Tijuana,1.408450704225352,0.4,1.2,1.4,71
FC Juarez,1.2352941176470589,0.5333333333333333,1.6,1.6,68
Atlas,1.1818181818181819,0.3333333333333333,0.8,1.2,66
Atletico San Luis,1.25,0.4666666666666667,1.6,1.6,68
Club America,1.759493670886076,0.4666666666666667,1.2,1.0,79
Tigres UANL,1.736842105263158,0.26666666666666666,0.6,1.2,76
Necaxa,1.2272727272727273,0.4666666666666667,1.2,0.8,66
Guadalajara Chivas,1.5970149253731343,0.8666666666666667,3.0,1.0,67
Toluca,2.0,0.5333333333333333,1.6,1.2,78
Cruz Azul,2.0526315789473686,0.5333333333333333,1.8,1.2,76
Mazatlán,0.875,0.26666666666666666,1.4,2.2,64
U.N.A.M. - Pumas,1.4202898550724639,0.5333333333333333,1.6,1.4,69
Leon,1.1666666666666667,0.4,1.2,2.6,66
Pachuca,1.3768115942028984,0.7333333333333333,1.6,1.0,69
Monterrey,1.6153846153846154,0.26666666666666666,1.8,1.6,78
Hamrun Spartans,0.7777777777777778,0.2,0.8,2.0,18
Lincoln Red Imps FC,1.0909090909090908,0.4666666666666667,1.4,2.0,22
The New Saints,2.074074074074074,0.8,2.0,1.0,81
Dečić,1.1,0.4,1.4,1.8,10
Ballkani,1.7,0.6666666666666666,1.4,1.4,10
Virtus,0.4,0.2,1.6,2.0,10
FCSB,1.6972477064220184,0.4666666666666667,1.6,1.6,109
Petrocub,0.7777777777777778,0.26666666666666666,1.2,1.8,18
Celje,1.605263157894737,0.6666666666666666,1.6,1.6,38
Rīgas FS,1.125,0.06666666666666667,0.6,1.4,24
Larne,0.7777777777777778,0.26666666666666666,0.6,1.2,18
Slovan Bratislava,1.8372093023255813,0.8,2.4,0.4,86
KI Klaksvik,1.7142857142857142,0.6666666666666666,1.0,0.4,14
FC Differdange 03,1.0833333333333333,0.4,1.4,1.4,12
Ludogorets,1.2941176470588236,0.4666666666666667,1.2,1.4,34
Pyunik Yerevan,1.5833333333333333,0.4,1.8,1.8,12
Borac Banja Luka,1.2,0.3333333333333333,1.0,1.4,20
Egnatia Rrogozhinë,1.6,0.4666666666666667,1.0,1.8,10
FC Levadia Tallinn,1.1,0.4666666666666667,1.4,1.6,10
FC Noah,1.4333333333333333,0.4666666666666667,0.8,1.6,30
Shkendija,1.1111111111111112,0.2,0.4,1.4,18
GAP Connah S Quay FC,1.5692307692307692,0.4666666666666667,1.8,1.6,65
Pafos,1.90625,0.5333333333333333,2.8,1.0,96
Paks,1.5714285714285714,0.4666666666666667,0.8,1.6,14
Corvinul Hunedoara,1.9454545454545455,0.6666666666666666,1.6,1.0,55
Milsami Orhei,1.3,0.5333333333333333,1.0,1.2,10
Sheriff Tiraspol,0.5833333333333334,0.06666666666666667,0.8,2.6,12
Zira,1.8611111111111112,0.6666666666666666,1.2,1.0,72
Ružomberok,1.106060606060606,0.2,0.6,1.6,66
Caernarfon Town,1.3857142857142857,0.4,1.6,2.0,70
Bala Town,1.0606060606060606,0.5333333333333333,1.6,0.6,66
Paide,1.4,0.4666666666666667,1.6,2.4,10
Maribor,0.8,0.06666666666666667,0.2,1.0,10
Wisla Krakow,1.8571428571428572,0.5333333333333333,1.6,1.8,70
Linfield,1.1,0.4,1.2,1.4,10
Farul Constanta,1.2361111111111112,0.26666666666666666,0.8,1.0,72
Unirea Slobozia,1.0,0.4666666666666667,1.2,1.2,74
AFC Hermannstadt,1.1388888888888888,0.6,2.0,1.2,72
Universitatea Craiova,1.7701149425287357,0.6666666666666666,1.2,0.6,87
Arsenal Tula,1.2459016393442623,0.4,1.4,1.4,61
Chernomorets,1.5245901639344261,0.3333333333333333,1.2,1.6,61
Sepsi OSK Sfantu Gheorghe,1.5483870967741935,0.7333333333333333,2.2,0.4,62
Politehnica Iasi,1.265625,0.6,2.2,1.0,64
Uta Arad,1.3472222222222223,0.4666666666666667,2.4,2.0,72
Rapid,1.5753424657534247,0.4666666666666667,1.4,1.4,73
Universitatea Cluj,1.72,1.0,2.4,0.6,75
Enisey,1.360655737704918,0.6666666666666666,1.6,1.0,61
KAMAZ,1.2622950819672132,0.4,0.8,0.6,61
Ural,1.746031746031746,0.4666666666666667,2.2,1.6,63
FC Sochi,1.1694915254237288,0.0,0.8,2.4,59
Shinnik Yaroslavl,1.1147540983606556,0.4666666666666667,0.6,0.4,61
Rotor Volgograd,1.459016393442623,0.7333333333333333,2.0,0.8,61
FK Neftekhimik,1.1967213114754098,0.26666666666666666,0.8,1.6,61
Tyumen,0.7941176470588235,0.26666666666666666,1.2,1.6,34
Torpedo Moskva,1.6229508196721312,0.6666666666666666,1.8,0.8,61
Ska-khabarovsk,1.4262295081967213,0.13333333333333333,1.0,2.6,61
CFR 1907 Cluj,1.7241379310344827,0.6,1.2,1.0,87
Dinamo Bucuresti,1.4931506849315068,0.06666666666666667,0.6,1.6,73
Rodina Moskva,1.6721311475409837,0.8666666666666667,3.0,1.2,61
Baltika,1.9649122807017543,0.5333333333333333,1.6,0.8,57
Chayka,0.9344262295081968,0.4666666666666667,1.2,2.4,61
FK Sokol Saratov,0.7868852459016393,0.0,0.4,2.4,61
FC Botosani,1.2777777777777777,0.4,1.4,2.2,72
Oţelul,1.3194444444444444,0.2,1.0,2.2,72
Alaniya Vladikavkaz,0.7941176470588235,0.26666666666666666,1.4,2.2,34
FC UFA,1.0163934426229508,0.4666666666666667,1.0,0.8,61
Petrolul Ploiesti,1.1944444444444444,0.4666666666666667,0.8,0.8,72
SCM Gloria Buzău,0.6923076923076923,0.06666666666666667,0.0,2.0,39
Aarhus,1.6666666666666667,0.7333333333333333,2.0,1.0,57
FC Midtjylland,1.9101123595505618,0.3333333333333333,1.0,1.2,89
Polonia Warszawa,1.564516129032258,0.26666666666666666,1.2,1.6,62
Znicz Pruszków,1.2295081967213115,0.26666666666666666,1.2,1.6,61
Jagiellonia,1.6774193548387097,0.26666666666666666,0.8,1.6,93
Puszcza Niepołomice,1.0819672131147542,0.8666666666666667,2.0,0.8,61
B 93,1.1454545454545455,0.4,0.8,1.6,55
Kolding IF,1.5272727272727273,0.5333333333333333,1.2,0.8,55
Hvidovre,1.5454545454545454,0.7333333333333333,2.0,0.6,55
HB Koge,1.0363636363636364,0.3333333333333333,1.2,1.4,55
Vendsyssel FF,0.9375,0.26666666666666666,1.2,1.6,32
Roskilde,0.8125,0.6666666666666666,2.4,1.6,32
Radnicki 1923,1.3142857142857143,0.2,0.2,0.8,70
Železničar Pančevo,1.4696969696969697,0.6666666666666666,2.2,0.6,66
FC Schaffhausen,0.7777777777777778,0.06666666666666667,1.0,2.2,36
Étoile Carouge,1.296875,0.6666666666666666,1.4,0.8,64
Neuchatel Xamax FC,1.203125,0.3333333333333333,0.8,1.2,64
Stade Lausanne-Ouchy,1.4375,0.26666666666666666,0.8,1.2,64
FC Nordsjaelland,1.4821428571428572,0.6666666666666666,1.8,1.2,56
Aalborg,1.0,0.3333333333333333,1.8,1.6,55
FC Aarau,1.9545454545454546,1.0,3.2,1.4,66
FC Thun,2.1029411764705883,0.4666666666666667,2.0,1.4,68
Slask Wroclaw,1.2769230769230768,0.8666666666666667,2.2,0.8,65
Lechia Gdansk,1.2950819672131149,0.6666666666666666,2.2,1.4,61
Odra Opole,1.0491803278688525,0.5333333333333333,1.2,1.2,61
Ruch Chorzów,1.4754098360655739,0.7333333333333333,1.4,0.8,61
Napredak,0.8823529411764706,0.13333333333333333,1.0,2.6,68
FK Partizan,1.8461538461538463,0.3333333333333333,0.8,1.4,78
Lokomotiv,1.830188679245283,0.4666666666666667,2.0,1.8,53
Akron,1.0754716981132075,0.06666666666666667,1.2,2.8,53
Nieciecza,1.5737704918032787,0.26666666666666666,1.4,2.2,61
Warta Poznań,0.7058823529411765,0.2,0.6,1.4,34
GKS Katowice,1.4426229508196722,0.6,1.0,0.6,61
Radomiak Radom,1.2295081967213115,0.3333333333333333,1.2,1.4,61
Esbjerg,1.4363636363636363,0.6,1.4,1.0,55
Odense,1.736842105263158,0.5333333333333333,1.2,1.0,57
Krylia Sovetov,0.9811320754716981,0.26666666666666666,0.6,1.8,53
Zenit,2.207547169811321,0.8,1.8,0.8,53
Pogoń Siedlce,0.9836065573770492,0.26666666666666666,0.6,1.4,61
Chrobry Głogów,1.278688524590164,0.4666666666666667,1.6,1.2,61
Pogon Szczecin,1.5081967213114753,0.4,0.8,1.4,61
Korona Kielce,1.3278688524590163,0.4,1.6,1.8,61
Yverdon Sport,1.373134328358209,0.4666666666666667,2.0,1.4,67
FC Zurich,1.2297297297297298,0.2,1.2,1.8,74
FC Lugano,1.5113636363636365,0.5333333333333333,1.2,1.2,88
Grasshoppers,0.9166666666666666,0.0,0.6,3.6,72
Bellinzona,1.015625,0.26666666666666666,1.4,3.2,64
FC WIL 1900,1.25,0.4,1.2,1.2,64
FC Rostov,1.2075471698113207,0.26666666666666666,0.6,1.0,53
CSKA Moscow,1.9056603773584906,0.4,1.2,1.6,53
Dynamo,1.6415094339622642,0.6666666666666666,2.6,1.4,53
Fakel,1.3508771929824561,0.5333333333333333,0.8,0.4,57
Stal Stalowa Wola,0.6764705882352942,0.2,0.6,3.2,34
Górnik Łęczna,1.1475409836065573,0.3333333333333333,1.4,1.6,61
FK Crvena Zvezda,2.2717391304347827,1.0,2.4,0.4,92
Jedinstvo Ub,1.0298507462686568,0.6,1.8,1.2,67
Mladost Lucani,1.1515151515151516,0.13333333333333333,0.6,2.4,66
OFK Beograd,1.393939393939394,0.6,1.8,1.4,66
Cukaricki,1.3333333333333333,0.5333333333333333,1.4,1.0,66
Radnicki NIS,1.1764705882352942,0.26666666666666666,0.8,1.6,68
Legia Warszawa,1.5824175824175823,0.6,1.4,0.8,91
Zaglebie Lubin,1.2833333333333334,0.6,1.4,0.6,60
FC Winterthur,0.8428571428571429,0.3333333333333333,1.0,1.4,70
FC ST. Gallen,1.548780487804878,0.6,1.8,1.0,82
Wisla Plock,1.7301587301587302,0.4,0.8,1.6,63
Kotwica Kołobrzeg,0.8529411764705882,0.4666666666666667,1.4,1.6,34
Silkeborg,1.2727272727272727,0.26666666666666666,1.0,2.8,66
Sonderjyske,1.3157894736842106,0.4,0.8,1.0,57
FC Vaduz,1.7142857142857142,0.6666666666666666,1.2,0.8,70
Stade Nyonnais,0.9846153846153847,0.4,0.8,1.2,65
BSC Young Boys,1.4333333333333333,0.5333333333333333,1.8,1.4,90
FC Sion,1.3285714285714285,0.5333333333333333,1.8,1.0,70
Tychy 71,1.1147540983606556,0.06666666666666667,0.8,2.4,61
Miedz Legnica,1.5806451612903225,0.3333333333333333,1.0,1.2,62
Cracovia Krakow,1.4262295081967213,0.2,0.8,1.8,61
Piast Gliwice,1.3114754098360655,0.6,2.2,2.0,61
AC Horsens,1.5272727272727273,0.26666666666666666,0.6,1.8,55
FC Fredericia,1.5964912280701755,0.6,1.2,1.4,57
Vejle,0.7894736842105263,0.26666666666666666,1.4,1.6,57
Randers FC,1.3448275862068966,0.4666666666666667,1.4,1.4,58
Hillerød,1.6363636363636365,0.4,1.4,1.4,55
Hobro,1.2181818181818183,0.6666666666666666,1.2,0.6,55
FC Orenburg,0.7169811320754716,0.4666666666666667,1.4,1.4,53
Spartak Moscow,1.849056603773585,0.8,2.2,1.6,53
FC Luzern,1.3,0.4,1.8,1.6,70
Servette FC,1.375,0.6666666666666666,2.4,1.0,80
Lausanne,1.3928571428571428,0.6,1.4,2.0,84
FC Basel 1893,1.6625,0.6666666666666666,1.8,1.4,80
Lech Poznan,1.87012987012987,0.6666666666666666,1.6,1.0,77
Gornik Zabrze,1.459016393442623,0.5333333333333333,1.4,0.8,61
Novi Pazar,1.4852941176470589,0.5333333333333333,1.0,0.6,68
FK Spartak Zdrepceva KRV,0.9848484848484849,0.26666666666666666,1.0,1.4,66
Viborg,1.4736842105263157,0.4666666666666667,1.4,1.8,57
Brondby,1.5,0.2,0.0,0.4,66
Khimki,0.9666666666666667,0.4,1.4,2.2,30
Dinamo Makhachkala,0.9622641509433962,0.4666666666666667,1.2,1.6,53
Akhmat,1.0545454545454545,0.5333333333333333,1.0,0.8,55
FC Krasnodar,2.2452830188679247,0.8,2.2,0.8,53
TSC Backa Topola,1.1973684210526316,0.3333333333333333,0.6,1.0,76
IMT Novi Beograd,1.2424242424242424,0.4,1.0,1.0,66
Tekstilac Odžaci,1.1044776119402986,0.4,0.8,0.6,67
Vojvodina,1.6428571428571428,0.6666666666666666,1.6,0.6,70
Motor Lublin,1.4262295081967213,0.7333333333333333,1.2,0.4,61
Raków Częstochowa,1.8266666666666667,0.13333333333333333,1.0,1.8,75
Lyngby,1.2545454545454546,0.6666666666666666,2.4,1.2,55
FC Copenhagen,1.6206896551724137,0.26666666666666666,2.4,1.6,87
Stal Rzeszów,1.2131147540983607,0.26666666666666666,1.0,1.4,61
Arka Gdynia,1.7,0.3333333333333333,1.2,1.6,60
Stal Mielec,0.9344262295081968,0.8,2.4,0.8,61
Widzew Łódź,1.1475409836065573,0.4,0.6,0.6,61
Nizhny Novgorod,0.9090909090909091,0.4,1.2,1.8,55
Rubin,1.471698113207547,0.6666666666666666,1.4,0.6,53
Qarabag,1.989010989010989,0.6666666666666666,3.8,1.0,91
Apoel Nicosia,1.5512820512820513,0.6,1.4,1.4,78
Maccabi Tel Aviv,1.7640449438202248,0.8666666666666667,3.0,0.8,89
Dynamo Kyiv,1.1538461538461537,0.4,1.8,1.4,26
Ferencvarosi TC,1.7058823529411764,0.4,1.0,2.0,34
Fenerbahçe,2.021276595744681,0.6666666666666666,2.0,1.4,94
Sparta Praha,1.6071428571428572,0.6,1.4,1.4,28
PAOK,1.7752808988764044,0.5333333333333333,1.6,0.6,89
AEK Athens FC,1.9870129870129871,0.6666666666666666,2.0,0.8,77
Rapid Vienna,1.5057471264367817,0.6666666666666666,1.4,1.0,87
Mlada Boleslav,1.6666666666666667,0.4,1.4,1.6,12
Sumqayıt,0.984375,0.06666666666666667,0.6,2.2,64
Austria Vienna,1.7301587301587302,0.4666666666666667,1.6,2.2,63
FC Astana,1.375,0.3333333333333333,1.0,1.4,16
Trabzonspor,1.7428571428571429,1.0,2.0,0.6,70
GO Ahead Eagles,1.2876712328767124,0.6,2.6,1.2,73
Omonia Nicosia,1.9456521739130435,0.7333333333333333,2.4,0.6,92
Dunajska Streda,1.6885245901639345,0.4666666666666667,1.2,1.8,61
Guimaraes,1.605263157894737,0.26666666666666666,1.4,1.6,76
Hapoel Beer Sheva,2.0869565217391304,0.7333333333333333,1.6,0.8,69
Olimpija Ljubljana,1.6363636363636365,0.3333333333333333,1.6,2.0,22
Baník Ostrava,1.4,0.26666666666666666,1.2,1.8,10
HNK Rijeka,1.569767441860465,0.26666666666666666,0.8,1.8,86
Maccabi Haifa,1.6417910447761195,0.4666666666666667,1.6,1.2,67
Sabah FA,1.6901408450704225,0.8666666666666667,3.8,1.0,71
Başakşehir,1.5853658536585367,0.5333333333333333,0.8,0.8,82
AEK Larnaca,1.8048780487804879,0.5333333333333333,1.0,0.6,82
Gent,1.4352941176470588,0.6666666666666666,1.8,1.2,85
Panathinaikos,1.7311827956989247,0.5333333333333333,0.6,1.0,93
NK Osijek,1.1029411764705883,0.5333333333333333,0.6,1.4,68
Kilmarnock,1.013157894736842,0.4666666666666667,1.0,1.8,76
Cercle Brugge,1.216867469879518,0.3333333333333333,1.4,1.8,83
Ajax,1.8314606741573034,0.3333333333333333,1.4,1.2,89
ST Mirren,1.1486486486486487,0.4666666666666667,1.2,1.0,74
Zrinjski,1.1818181818181819,0.3333333333333333,0.8,1.2,22
HNK Hajduk Split,1.8028169014084507,0.6666666666666666,2.2,1.0,71
Spartak Trnava,1.671641791044776,0.4,1.0,2.2,67
Drita,1.3181818181818181,0.2,1.0,2.4,22
SC Braga,1.9230769230769231,0.4666666666666667,1.6,1.2,91
Maccabi Petah Tikva,1.40625,0.6666666666666666,2.6,1.0,64
Pohronie,1.3061224489795917,0.5333333333333333,1.2,1.2,49
Žilina II,1.2040816326530612,0.13333333333333333,0.6,1.6,49
Buckley Town,1.3275862068965518,0.2,0.6,2.6,58
Penrhyncoch,1.1896551724137931,0.6,1.2,1.0,58
Pontypridd Town,1.4655172413793103,0.4666666666666667,2.2,2.2,58
Afan Lido,1.0847457627118644,0.8,2.0,1.2,59
Trefelin,2.169491525423729,0.8,4.2,1.2,59
Caerau (Ely),1.5166666666666666,0.8666666666666667,2.8,0.2,60
Taffs Well,0.5,0.06666666666666667,0.6,2.0,30
llanelli AFC,1.2622950819672132,0.26666666666666666,0.6,2.0,61
Newport City,1.5423728813559323,0.2,0.6,2.4,59
Ammanford AFC,1.576271186440678,0.8666666666666667,2.6,0.6,59
Colwyn Bay,2.0491803278688523,0.4666666666666667,1.0,1.2,61
Bangor 1876,0.9333333333333333,0.0,0.6,2.6,30
Gresford Athletic,1.1578947368421053,0.4,1.6,1.6,57
Llay Miners Welfare,0.4666666666666667,0.2,1.2,3.4,30
Flint Mountain,1.2372881355932204,0.4,1.4,1.6,59
Ruthin Town,0.8813559322033898,0.4,1.2,1.8,59
Club Brugge KV,1.9381443298969072,0.8666666666666667,2.8,1.4,97
KV Mechelen,1.352112676056338,0.4666666666666667,1.2,1.8,71
Airbus UK,2.542372881355932,0.8,4.2,0.6,59
Denbigh Town,1.4067796610169492,0.6666666666666666,1.8,1.4,59
Venados FC,1.3275862068965518,0.26666666666666666,1.0,1.4,58
Tepatitlán,1.4126984126984128,0.6666666666666666,2.4,1.0,63
Leones Negros UDG,1.5735294117647058,0.3333333333333333,1.0,1.6,68
Tapatío,1.5737704918032787,0.26666666666666666,1.8,2.2,61
Mold Alexandra,1.3620689655172413,0.8,1.6,2.0,58
Llandudno,2.1724137931034484,1.0,2.6,0.8,58
Holywell,1.9655172413793103,0.4666666666666667,1.8,2.0,58
Prestatyn Town,0.43333333333333335,0.0,1.2,2.8,30
Llantwit Major,1.3559322033898304,0.26666666666666666,1.8,2.8,59
Trethomas Bluebirds,1.4745762711864407,0.5333333333333333,2.2,2.2,59
Cwmbran Celtic,0.6379310344827587,0.13333333333333333,0.6,2.8,58
Cambrian & Clydach,2.0847457627118646,0.8666666666666667,2.0,0.2,59
Penrhiwceiber Rangers,0.9333333333333333,0.4,1.4,1.6,30
Baglan Dragons,1.1166666666666667,0.06666666666666667,0.2,2.8,60
Carmarthen Town,1.5254237288135593,0.6666666666666666,3.0,1.4,59
Goytre United,0.7666666666666667,0.13333333333333333,0.8,2.2,30
Guilsfield,1.4137931034482758,0.26666666666666666,1.4,2.6,58
Caersws,1.1403508771929824,0.4,1.0,1.2,57
Dender,0.9436619718309859,0.3333333333333333,0.8,1.4,71
Union St. Gilloise,1.9230769230769231,0.8666666666666667,1.6,0.4,91
Púchov,1.2857142857142858,0.4,0.4,0.6,49
Tatran Prešov,1.6538461538461537,0.13333333333333333,0.4,1.4,52
Stará Ľubovňa,0.9183673469387755,0.26666666666666666,0.6,2.0,49
Zlaté Moravce,1.7843137254901962,0.4,1.0,1.0,51
Považská Bystrica,1.4285714285714286,0.26666666666666666,1.8,2.0,49
Slovan Bratislava II,1.1020408163265305,0.5333333333333333,1.6,1.2,49
Malženice,1.3673469387755102,0.7333333333333333,1.2,0.2,49
Humenné,0.8846153846153846,0.4,1.0,1.2,26
Lokomotíva Zvolen,1.4285714285714286,0.6,0.8,0.4,49
Petržalka,1.489795918367347,0.7333333333333333,2.4,0.4,49
Skalica,1.0344827586206897,0.4,0.8,1.2,58
Zemplín Michalovce,1.3220338983050848,0.6,1.0,1.2,59
Podbrezová,1.2333333333333334,0.2,1.2,2.0,60
Žilina,1.6666666666666667,0.4666666666666667,1.0,0.8,60
Beerschot VA,1.2727272727272727,1.0,2.4,0.4,66
OH Leuven,1.1126760563380282,0.4,1.0,1.8,71
Komárno,1.1206896551724137,0.3333333333333333,1.0,0.8,58
Anderlecht,1.5056179775280898,0.26666666666666666,2.2,2.2,89
St. Truiden,1.462686567164179,0.2,0.6,1.4,67
Tlaxcala,1.1132075471698113,0.5333333333333333,0.8,0.6,53
CA La Paz,1.0925925925925926,0.5333333333333333,1.8,1.0,54
Mineros de Zacatecas,1.467741935483871,0.6,1.4,1.8,62
Dorados,0.8421052631578947,0.26666666666666666,0.6,1.6,57
CDS Tampico Madero,1.6818181818181819,0.4,1.0,0.8,66
Monarcas,1.4516129032258065,0.4,1.4,1.6,62
Šamorín,1.1428571428571428,0.26666666666666666,0.4,1.0,49
Liptovský Mikuláš,1.66,0.4666666666666667,1.4,2.0,50
Genk,1.7882352941176471,0.6666666666666666,2.0,2.2,85
Standard Liege,1.2535211267605635,0.6,1.2,0.6,71
Kortrijk,1.5076923076923077,0.6666666666666666,2.0,1.4,65
FK Košice,1.3114754098360655,0.8666666666666667,1.8,0.4,61
Dukla Banská Bystrica,1.3454545454545455,0.4666666666666667,1.8,1.6,55
AS Trencin,1.2,0.8,1.4,0.8,60
Charleroi,1.2972972972972974,0.06666666666666667,0.6,1.8,74
Antwerp,1.25,0.3333333333333333,0.6,0.8,72
KVC Westerlo,1.3098591549295775,0.5333333333333333,0.8,0.4,71
ŁKS Łódź,1.4426229508196722,0.6,1.2,0.6,61
Radnik Surdulica,1.7575757575757576,0.4,1.4,1.2,66
Sloven Ruma,1.054054054054054,0.3333333333333333,0.4,0.6,37
Admira Wacker,1.9056603773584906,0.3333333333333333,1.6,1.8,53
SV Kapfenberg,1.490566037735849,0.4666666666666667,1.0,1.4,53
Araz,1.5538461538461539,0.6,1.0,1.6,65
Stripfing,1.0232558139534884,0.26666666666666666,1.0,2.4,43
Ried,1.8,0.4,1.6,2.0,55
FC Liefering,1.4150943396226414,0.4,1.4,2.2,53
First Vienna,1.528301886792453,0.6,1.4,0.8,53
SV Horn,1.0,0.6666666666666666,2.4,1.6,30
Rapid Wien II,1.2222222222222223,0.6,1.8,1.4,54
Voitsberg,1.0666666666666667,0.26666666666666666,0.4,1.4,30
SKU Amstetten,1.5740740740740742,0.3333333333333333,0.6,1.4,54
1. FC Köln,1.4193548387096775,0.2,1.4,2.0,62
Hamburger SV,1.4516129032258065,0.3333333333333333,1.2,1.4,62
Grazer AK,1.0,0.8,2.2,1.0,57
Red Bull Salzburg,1.4691358024691359,0.3333333333333333,0.6,0.8,81
Falkirk,1.75,0.4666666666666667,2.0,1.4,68
Queen's Park,1.0597014925373134,0.5333333333333333,1.0,0.8,67
Dinamo Zagreb,1.8928571428571428,1.0,4.6,1.0,84
Istra 1961,1.3333333333333333,0.4,0.8,1.0,63
Alebrijes de Oaxaca,0.7407407407407407,0.26666666666666666,1.4,3.2,54
Atlante FC,1.8064516129032258,0.6666666666666666,1.8,1.4,62
Concordia,1.38,0.6,1.4,0.8,50
CS Afumati,1.3061224489795917,0.6,1.8,0.6,49
Slatina,1.52,0.6,2.2,1.4,50
FC Voluntari,1.7818181818181817,0.6,2.6,1.0,55
Focşani,0.8461538461538461,0.3333333333333333,1.0,1.2,26
Muscelul Câmpulung Elite,0.4897959183673469,0.0,0.6,4.4,49
Metaloglobus,1.0615384615384615,0.3333333333333333,1.0,1.8,65
Chindia Targoviste,1.4705882352941178,0.4,1.2,2.0,51
Dumbrăviţa,0.9803921568627451,0.4666666666666667,1.0,1.0,51
Metalul Buzău,1.510204081632653,0.6,2.4,2.0,49
CS Mioveni,0.6470588235294118,0.2,0.6,4.4,17
Unirea Ungheni,1.1923076923076923,0.06666666666666667,0.6,2.6,26
Karlsruher SC,1.435483870967742,0.4666666666666667,1.8,1.8,62
1. FC Nürnberg,1.3709677419354838,0.4666666666666667,1.6,1.2,62
Hannover 96,1.6290322580645162,0.5333333333333333,1.2,1.0,62
SSV Jahn Regensburg,0.7352941176470589,0.2,1.0,2.0,34
1. FC Magdeburg,1.3387096774193548,0.4666666666666667,1.8,1.4,62
SV Elversberg,1.734375,0.5333333333333333,1.2,1.0,64
Hertha BSC,1.467741935483871,0.8666666666666667,2.2,1.0,62
SC Paderborn 07,1.7580645161290323,0.7333333333333333,1.8,1.0,62
Heart Of Midlothian,1.6153846153846154,0.6666666666666666,1.0,0.6,78
Rangers,1.7448979591836735,0.7333333333333333,2.6,1.4,98
Austria Lustenau,1.490566037735849,0.4666666666666667,1.0,1.4,53
SV Lafnitz,0.5333333333333333,0.26666666666666666,1.6,2.8,30
Motherwell,1.4714285714285715,0.26666666666666666,1.2,1.6,70
Ross County,0.9166666666666666,0.13333333333333333,0.6,2.0,72
Airdrie United,0.971830985915493,0.4666666666666667,1.6,1.0,71
Raith Rovers,1.328358208955224,0.4,1.2,1.6,67
Partick,1.6388888888888888,0.7333333333333333,1.6,0.6,72
Morton,1.2352941176470589,0.4,1.0,1.6,68
Livingston,1.3333333333333333,0.26666666666666666,1.0,1.4,72
Dunfermline,1.1818181818181819,0.8666666666666667,2.4,0.6,66
Hamilton Academical,1.0,0.4666666666666667,0.8,1.4,36
Ayr Utd,1.4782608695652173,0.13333333333333333,0.6,1.6,69
Neftchi Baku,1.360655737704918,0.6666666666666666,2.8,1.0,61
Turan,1.6774193548387097,0.6,1.2,0.8,62
Bihor Oradea,1.44,0.06666666666666667,0.6,2.0,50
TSV Hartberg,1.3448275862068966,0.2,0.4,0.8,58
Lask Linz,1.5441176470588236,0.5333333333333333,2.2,1.6,68
SCR Altach,1.0350877192982457,0.3333333333333333,1.4,1.6,57
WSG Wattens,1.1228070175438596,0.6,2.0,2.0,57
Radnički Sr. Mitrovica,1.0810810810810811,0.26666666666666666,1.2,1.2,37
Mladost Novi Sad,1.6923076923076923,0.3333333333333333,1.2,1.2,39
Grafičar,1.3880597014925373,0.5333333333333333,0.8,0.6,67
Sloboda Uzice,0.8378378378378378,0.4666666666666667,0.6,0.8,37
Kapaz,0.8548387096774194,0.5333333333333333,1.4,1.0,62
Macva,1.6666666666666667,0.7333333333333333,1.2,0.4,69
Dubočica,1.0746268656716418,0.26666666666666666,1.0,1.6,67
Wolfsberger AC,1.4098360655737705,0.13333333333333333,1.0,2.2,61
Austria Klagenfurt,0.9636363636363636,0.26666666666666666,1.0,2.2,55
FK Vozdovac,1.6567164179104477,0.6666666666666666,1.2,0.4,67
Indjija,0.8648648648648649,0.26666666666666666,0.6,1.4,37
Sturm Graz II,1.1886792452830188,0.4,0.8,0.8,53
Schwarz-Weiß Bregenz,1.0,0.06666666666666667,1.4,3.0,53
FC Schalke 04,1.5,0.6,1.2,0.8,62
Eintracht Braunschweig,1.078125,0.3333333333333333,0.8,1.0,64
HNK Gorica,1.078125,0.4,1.8,1.4,64
NK Varazdin,1.3636363636363635,0.4,1.2,1.0,66
Cancún,1.5535714285714286,0.6,2.0,1.4,56
Correcaminos Uat,0.9074074074074074,0.4,1.2,1.8,54
Floridsdorfer AC,1.471698113207547,0.6,1.4,0.6,53
SKN ST. Polten,1.8867924528301887,0.8,2.0,0.8,53
SSV Ulm 1846,0.8823529411764706,0.26666666666666666,1.4,2.6,34
1. FC Kaiserslautern,1.5483870967741935,0.4,1.8,1.6,62
SV Darmstadt 98,1.4838709677419355,0.3333333333333333,1.2,1.4,62
Fortuna Düsseldorf,1.3548387096774193,0.4,1.0,2.0,62
SpVgg Greuther Fürth,1.096774193548387,0.4666666666666667,1.2,1.4,62
Preußen Münster,1.0161290322580645,0.26666666666666666,0.8,2.4,62
Dundee Utd,1.3243243243243243,0.4666666666666667,1.6,1.8,74
Dundee,1.042857142857143,0.3333333333333333,1.6,1.8,70
Şamaxı FK,1.064516129032258,0.3333333333333333,0.6,0.8,62
Csikszereda,1.5,0.5333333333333333,1.2,1.2,64
Ceahlăul Piatra Neamţ,1.1428571428571428,0.0,0.6,3.0,49
Hibernian,1.5,0.6,1.6,0.8,76
FC BW Linz,0.9824561403508771,0.26666666666666666,1.6,2.2,57
Sturm Graz,1.6533333333333333,0.7333333333333333,2.4,1.0,75
Celtic,2.010869565217391,0.6666666666666666,1.8,1.4,92
Zemun,1.6567164179104477,0.6,1.2,1.0,67
Javor,1.5606060606060606,0.5333333333333333,0.8,0.6,66
Səbail,1.0535714285714286,0.7333333333333333,1.6,0.6,56
NK Lokomotiva Zagreb,1.09375,0.13333333333333333,0.4,2.0,64
NK Slaven Belupo,1.3125,0.3333333333333333,1.0,1.6,64
Sibenik,0.8333333333333334,0.13333333333333333,0.2,1.2,36
Semendrija 1924,1.2238805970149254,0.26666666666666666,0.6,1.0,67
OFK Vršac,1.3432835820895523,0.7333333333333333,1.4,0.6,67
Borac Cacak,1.2537313432835822,0.7333333333333333,1.0,0.2,67
FK Trayal,1.1194029850746268,0.13333333333333333,0.8,1.6,67
ST Johnstone,1.3857142857142857,0.7333333333333333,1.6,0.6,70
Aberdeen,1.1025641025641026,0.06666666666666667,0.6,2.0,78
CSM Reşiţa,1.6415094339622642,0.4666666666666667,1.0,1.8,53
U Craiova 1948,1.3846153846153846,0.2,0.8,2.0,26
CSA Steaua Bucureşti,1.8867924528301887,0.8,1.6,0.6,53
Arges Pitesti,1.7777777777777777,0.5333333333333333,0.6,0.4,63
Lille,1.6931818181818181,0.6,1.4,1.0,88
Twente,1.5714285714285714,0.8,2.0,1.0,77
Slavia Praha,0.85,0.06666666666666667,0.6,2.8,20
Plzen,1.6666666666666667,0.4666666666666667,1.0,0.8,30
Helmond Sport,1.1095890410958904,0.13333333333333333,0.6,1.4,73
Jong Utrecht,0.8611111111111112,0.4,1.0,1.2,72
Groningen,1.2698412698412698,0.6666666666666666,2.2,1.0,63
NAC Breda,0.9047619047619048,0.13333333333333333,0.8,2.8,63
FC OSS,1.0,0.4666666666666667,2.0,2.0,73
Excelsior,1.507462686567164,0.06666666666666667,0.6,1.6,67
FC Eindhoven,1.3013698630136987,0.4666666666666667,1.2,1.8,73
Den Bosch,1.4342105263157894,0.6666666666666666,1.8,1.4,76
Emmen,1.3287671232876712,0.3333333333333333,1.8,2.2,73
Dordrecht,1.5454545454545454,0.13333333333333333,1.0,2.2,77
Vitesse,1.3150684931506849,0.6666666666666666,2.6,1.4,73
Telstar,1.3972602739726028,0.6,2.0,1.4,73
Galatasaray,2.1724137931034484,0.6,1.2,1.2,87
Hatayspor,0.5142857142857142,0.2,1.2,2.4,70
Sakaryaspor,1.1971830985915493,0.5333333333333333,1.8,1.2,71
Keçiörengücü,1.4225352112676057,0.6666666666666666,2.6,0.8,71
MVV,1.0410958904109588,0.26666666666666666,1.0,2.4,73
Cambuur,1.9466666666666668,0.4666666666666667,1.8,2.0,75
Newtown AFC,1.2033898305084745,0.4,1.8,1.4,59
Aberystwyth Town,1.0666666666666667,0.26666666666666666,1.0,1.8,60
Blackburn,1.2988505747126438,0.5333333333333333,0.6,0.4,87
Derby,1.2988505747126438,0.6,1.2,0.8,87
Preston,1.1954022988505748,0.3333333333333333,1.2,1.8,87
Sheffield Utd,1.6555555555555554,0.13333333333333333,1.2,1.8,90
Sporting CP,2.234567901234568,0.6666666666666666,3.0,1.6,81
Rio Ave,1.096774193548387,0.6666666666666666,1.2,0.8,62
Celaya,1.6388888888888888,0.4666666666666667,1.2,0.8,36
Viitorul Şelimbăr,1.163265306122449,0.4666666666666667,0.8,1.4,49
Maritimo,1.6129032258064515,0.6666666666666666,1.2,1.0,62
Tondela,1.3770491803278688,0.3333333333333333,0.8,1.6,61
Stoke City,1.206896551724138,0.4666666666666667,1.8,1.8,87
Coventry,1.7303370786516854,0.6666666666666666,2.0,0.8,89
Millwall,1.5862068965517242,0.4666666666666667,1.2,1.2,87
Watford,1.3103448275862069,0.3333333333333333,1.2,1.4,87
Leeds,1.7272727272727273,0.2,0.2,0.6,77
Portsmouth,1.1162790697674418,0.13333333333333333,1.0,2.4,86
Hull City,1.3448275862068966,0.5333333333333333,1.2,1.2,87
Bristol City,1.404494382022472,0.4666666666666667,0.8,1.0,89
Middlesbrough,1.5632183908045978,0.2,0.8,1.2,87
Swansea,1.3218390804597702,0.3333333333333333,1.4,2.2,87
Oxford United,1.0804597701149425,0.4,1.0,1.2,87
Norwich,1.3218390804597702,0.6666666666666666,1.2,0.6,87
Cardiff,0.9565217391304348,0.13333333333333333,0.6,1.6,46
Sunderland,1.575,0.4666666666666667,1.0,1.2,80
QPR,1.2988505747126438,0.6666666666666666,2.4,1.0,87
West Brom,1.2528735632183907,0.6,1.4,0.6,87
Mafra,0.7941176470588235,0.2,0.8,2.2,34
Pacos Ferreira,1.046875,0.4666666666666667,1.2,1.4,64
Flint Town United,1.2063492063492063,0.3333333333333333,1.0,1.0,63
Cardiff MET,1.3076923076923077,0.4,1.0,1.6,65
Barry Town,1.53125,0.6666666666666666,1.4,1.0,64
ADO Den Haag,2.04,1.0,2.4,0.6,75
VVV Venlo,1.1232876712328768,0.26666666666666666,1.2,1.2,73
Feyenoord,1.7411764705882353,0.4,1.2,1.4,85
Willem II,1.2191780821917808,0.8,2.0,0.6,73
AVS,0.65625,0.2,0.0,0.8,64
Nacional,0.9516129032258065,0.26666666666666666,0.8,1.0,62
Leixoes,1.2258064516129032,0.4666666666666667,1.4,2.0,62
Benfica B,1.5081967213114753,0.4666666666666667,1.0,0.6,61
Kasımpaşa,1.15625,0.4666666666666667,1.0,1.2,64
Konyaspor,1.203125,0.5333333333333333,1.2,1.2,64
İstanbulspor,1.4444444444444444,0.13333333333333333,0.6,1.8,72
Manisa F.K.,1.3055555555555556,0.4,1.0,1.0,72
Yeni Malatyaspor,0.0,0.0,0.4,7.0,38
Pendikspor,1.4583333333333333,0.5333333333333333,1.8,1.2,72
NEC Nijmegen,1.5,0.6666666666666666,2.4,1.4,64
Academico Viseu,1.532258064516129,0.6,1.8,0.8,62
Chaves,1.403225806451613,0.4,0.8,1.6,62
Casa Pia,1.1475409836065573,0.2,0.4,1.6,61
Boavista,0.7058823529411765,0.4,1.0,2.4,34
Almere City FC,1.1159420289855073,0.6666666666666666,2.2,1.4,69
AZ Alkmaar,1.7204301075268817,0.8,2.4,0.8,93
Adanaspor,0.7894736842105263,0.2,0.8,3.8,38
Esenler Erokspor,1.6619718309859155,0.4666666666666667,1.8,1.8,71
Kocaelispor,1.606060606060606,0.26666666666666666,0.4,1.6,66
Gençlerbirliği S.K.,1.4090909090909092,0.13333333333333333,0.0,1.0,66
Antalyaspor,1.125,0.3333333333333333,1.2,1.4,64
Göztepe,1.5238095238095237,0.3333333333333333,1.0,1.6,63
Adana Demirspor,0.2857142857142857,0.2,0.6,3.4,70
PSV Eindhoven,2.1204819277108435,0.6,2.4,2.2,83
Waalwijk,1.1159420289855073,0.5333333333333333,2.2,1.8,69
FC Porto,2.182926829268293,0.8666666666666667,2.2,0.8,82
GIL Vicente,1.2741935483870968,0.3333333333333333,1.6,1.4,62
Penafiel,1.2419354838709677,0.3333333333333333,0.8,1.0,62
Oliveirense,0.9032258064516129,0.13333333333333333,0.2,1.2,62
Sparta Rotterdam,1.2857142857142858,0.3333333333333333,0.8,1.4,63
Heracles,0.9047619047619048,0.13333333333333333,0.6,2.4,63
Fortuna Sittard,1.2063492063492063,0.4,1.4,2.2,63
Utrecht,1.5844155844155845,0.6666666666666666,1.8,0.8,77
PEC Zwolle,1.1746031746031746,0.4,0.8,1.6,63
Torreense,1.6129032258064515,0.6666666666666666,1.6,0.8,62
Feirense,1.403225806451613,0.4666666666666667,0.6,1.0,62
Haverfordwest County AFC,1.5,0.6,0.8,0.8,66
Bandırmaspor,1.644736842105263,0.4666666666666667,0.4,0.2,76
Erzurumspor FK,1.8888888888888888,0.8,3.2,1.0,72
Estoril,1.3387096774193548,0.26666666666666666,0.8,1.6,62
Santa Clara,1.3676470588235294,0.6666666666666666,1.6,1.2,68
De Graafschap,1.6666666666666667,0.6666666666666666,2.4,1.0,75
FC Volendam,1.6417910447761195,0.26666666666666666,0.8,1.8,67
Heerenveen,1.359375,0.8666666666666667,2.6,1.0,64
Sheffield Wednesday,0.8160919540229885,0.13333333333333333,0.6,1.8,87
Plymouth,1.0,0.6,1.8,1.4,46
Briton Ferry,1.1746031746031746,0.6666666666666666,1.4,0.4,63
Penybont,1.6307692307692307,0.06666666666666667,0.4,1.4,65
Sivasspor,1.1594202898550725,0.6,1.0,1.0,69
Boluspor,1.4324324324324325,0.26666666666666666,0.8,2.0,74
Iğdır FK,1.4507042253521127,0.06666666666666667,0.6,1.8,71
Fatih Karagümrük,1.328358208955224,0.4666666666666667,1.2,1.2,67
Amed,1.7887323943661972,1.0,3.2,0.2,71
Farense,0.9032258064516129,0.3333333333333333,0.6,0.8,62
Moreirense,1.2096774193548387,0.13333333333333333,0.4,1.4,62
FC Porto B,1.2258064516129032,0.4666666666666667,1.6,0.8,62
Alverca,1.532258064516129,0.4,1.2,1.6,62
Famalicao,1.5,0.7333333333333333,1.2,0.6,62
Benfica,2.0681818181818183,0.7333333333333333,2.0,1.0,88
Ankaragücü,1.263157894736842,0.6666666666666666,1.8,1.2,38
Şanlıurfaspor,1.0526315789473684,0.2,0.8,1.4,38
Samsunspor,1.6,0.4666666666666667,1.6,1.8,75
Beşiktaş,1.675,0.6,1.0,0.6,80
Alanyaspor,1.203125,0.4,1.8,1.2,64
Eyüpspor,1.171875,0.06666666666666667,0.0,1.2,64
União de Leiria,1.564516129032258,0.6666666666666666,1.8,0.6,62
Vizela,1.6984126984126984,1.0,2.2,1.2,63
Estrela,0.9193548387096774,0.3333333333333333,1.4,1.2,62
Felgueiras 1932,1.2741935483870968,0.3333333333333333,0.2,0.8,62
Portimonense,1.032258064516129,0.4,1.2,1.4,62
Bodrum FK,1.4057971014492754,0.8,2.0,1.2,69
Gaziantep FK,1.234375,0.4,1.4,1.4,64
Ümraniyespor,1.295774647887324,0.4666666666666667,1.0,0.8,71
Çorum FK,1.6338028169014085,0.8,1.8,0.8,71
Rizespor,1.253968253968254,0.6,1.4,0.6,63
Jong AZ,1.2191780821917808,0.4666666666666667,1.6,2.2,73
Roda,1.36986301369863,0.3333333333333333,1.0,0.8,73
Jong PSV U21,1.1369863013698631,0.2,0.4,1.2,73
Jong Ajax,0.9315068493150684,0.4,1.4,2.8,73
Luton,1.065217391304348,0.6,1.6,1.4,46
Burnley,1.5584415584415585,0.13333333333333333,1.0,2.0,77
Arouca,1.1290322580645162,0.4,1.2,1.6,62
Athletic Club,1.453125,0.26666666666666666,0.6,1.6,128
Getafe,1.2205882352941178,0.8,1.4,0.4,68
Granada CF,1.4078947368421053,0.4666666666666667,1.8,1.6,76
Albacete,1.3421052631578947,0.5333333333333333,2.0,1.2,76
Real Betis,1.6421052631578947,0.3333333333333333,1.2,0.8,95
Girona,1.0657894736842106,0.4666666666666667,1.2,0.8,76
Sesvete,1.6551724137931034,1.0,2.0,0.4,58
Vukovar,1.5245901639344261,0.06666666666666667,0.0,2.2,61
Dubrava Zagreb,1.3793103448275863,0.3333333333333333,0.8,2.0,58
Opatija,1.603448275862069,0.26666666666666666,0.6,1.0,58
Club Universitario,2.0833333333333335,0.4,2.0,2.0,24
Celta Vigo,1.525,0.5333333333333333,2.0,1.6,80
Alaves,1.088235294117647,0.3333333333333333,1.8,2.2,68
Mirandes,1.425,0.5333333333333333,1.4,1.4,80
Cordoba,1.3157894736842106,0.26666666666666666,1.0,2.2,76
Seraing United,0.9655172413793104,0.7333333333333333,2.4,0.8,58
KRC Genk II,0.7288135593220338,0.4,1.2,1.2,59
RSC Anderlecht II,0.864406779661017,0.06666666666666667,0.8,2.8,59
Deinze,1.2857142857142858,0.26666666666666666,0.8,1.8,14
Amiens,1.0634920634920635,0.06666666666666667,1.2,2.4,63
RED Star FC 93,1.3333333333333333,0.5333333333333333,0.4,0.4,63
Clermont Foot,1.0,0.26666666666666666,1.0,1.4,65
PAU,1.2857142857142858,0.3333333333333333,0.6,1.8,63
Ajaccio,1.2352941176470589,0.3333333333333333,0.6,1.2,34
Rodez,1.3333333333333333,0.6,1.0,0.6,63
Guingamp,1.46875,0.3333333333333333,0.6,1.0,64
Estac Troyes,1.619047619047619,0.8666666666666667,2.6,1.0,63
Grenoble,1.2222222222222223,0.2,0.8,1.2,63
Laval,1.1746031746031746,0.4,1.2,1.4,63
Dunkerque,1.523076923076923,0.13333333333333333,0.8,2.0,65
Annecy,1.4761904761904763,0.4,0.8,1.8,63
Brescia,1.131578947368421,0.5333333333333333,1.2,1.0,38
Palermo,1.6111111111111112,0.6666666666666666,1.2,1.0,72
Le Havre,1.0,0.13333333333333333,0.6,1.4,62
Paris Saint Germain,2.2777777777777777,0.8,3.2,1.2,90
Manchester United,1.5357142857142858,0.6666666666666666,1.8,1.2,84
Fulham,1.4202898550724639,0.6666666666666666,1.6,0.8,69
Cadiz,1.2236842105263157,0.2,0.8,2.2,76
Zaragoza,1.118421052631579,0.4666666666666667,1.4,1.0,76
Las Palmas,1.2361111111111112,0.6,1.4,1.2,72
Sevilla,1.0588235294117647,0.13333333333333333,1.0,2.2,68
Ipswich,1.2207792207792207,0.6,1.8,1.2,77
Liverpool,2.0,0.26666666666666666,1.4,1.2,89
Caen,0.6470588235294118,0.13333333333333333,0.8,2.4,34
Paris FC,1.6290322580645162,0.6,1.2,0.8,62
Club Brugge II,1.0833333333333333,0.13333333333333333,1.0,1.6,60
Lokeren-Temse,1.3650793650793651,0.4666666666666667,2.2,1.6,63
Everton,1.3623188405797102,0.6,1.6,1.0,69
Brighton,1.5072463768115942,0.8,1.4,0.6,69
Nottingham Forest,1.4444444444444444,0.5333333333333333,1.4,0.8,81
Bournemouth,1.4202898550724639,0.3333333333333333,0.6,0.6,69
Wolves,0.855072463768116,0.5333333333333333,1.6,1.2,69
Newcastle,1.5925925925925926,0.4666666666666667,1.4,2.2,81
Southampton,0.974025974025974,0.8666666666666667,1.8,0.6,77
Stade Brestois 29,1.375,0.4,1.2,1.8,72
Marseille,1.7571428571428571,0.6,1.4,1.2,70
Eibar,1.4736842105263157,0.8666666666666667,1.6,0.2,76
Castellón,1.4473684210526316,0.5333333333333333,1.6,1.6,76
Racing Ferrol,0.7142857142857143,0.26666666666666666,0.4,1.2,42
Malaga,1.4473684210526316,0.6,2.4,1.4,76
HNK Cibalia,1.5,0.4,1.8,1.2,58
Rudes,1.5,0.6666666666666666,1.4,0.6,58
Orijent 1919,1.5,0.5333333333333333,1.8,1.2,58
Croatia Zmijavci,1.103448275862069,0.26666666666666666,0.8,2.2,58
Kayserispor,1.0625,0.26666666666666666,0.6,1.4,64
West Ham,1.0434782608695652,0.3333333333333333,0.8,1.6,69
Aston Villa,1.89010989010989,0.6,1.4,1.4,91
Parma,1.0289855072463767,0.2,0.6,1.6,69
Fiorentina,1.5157894736842106,0.8666666666666667,2.0,0.8,95
Genoa,1.1014492753623188,0.4,0.8,1.4,69
Inter,2.1382978723404253,0.5333333333333333,1.8,1.0,94
Reims,1.2461538461538462,0.4,0.8,0.6,65
Osasuna,1.3235294117647058,0.3333333333333333,1.2,1.6,68
Leganes,1.0972222222222223,0.3333333333333333,1.8,1.6,72
Volos NFC,1.126984126984127,0.4,1.2,1.4,63
Olympiakos Piraeus,2.0632911392405062,0.5333333333333333,1.0,0.4,79
Panserraikos,0.9047619047619048,0.5333333333333333,0.8,0.6,63
Deportivo La Coruna,1.486842105263158,0.7333333333333333,1.6,0.8,76
Oviedo,1.394736842105263,0.4666666666666667,1.0,1.6,76
SK Beveren,2.180327868852459,0.8666666666666667,3.2,1.0,61
Lommel United,1.4067796610169492,0.5333333333333333,1.8,1.4,59
RWDM,1.5737704918032787,0.3333333333333333,1.8,1.8,61
Patro Eisden,1.6666666666666667,0.3333333333333333,0.6,1.6,66
Pisa,1.3333333333333333,0.2,0.6,2.4,69
Spezia,1.3733333333333333,0.26666666666666666,1.4,2.4,75
Bari,1.1549295774647887,0.4,1.6,2.2,71
Juve Stabia,1.4324324324324325,0.3333333333333333,1.4,1.8,74
Salernitana,1.05,0.4,0.8,1.2,40
Cittadella,1.0526315789473684,0.26666666666666666,1.0,1.4,38
Sudtirol,1.1971830985915493,0.13333333333333333,0.8,1.6,71
Modena,1.3571428571428572,0.4666666666666667,1.4,1.2,70
Empoli,0.9436619718309859,0.3333333333333333,1.8,1.8,71
Monza,1.1830985915492958,0.4,1.4,1.2,71
AC Milan,1.7974683544303798,0.6,1.2,0.8,79
Torino,1.1594202898550725,0.6,2.0,1.2,69
Monaco,1.646341463414634,1.0,2.2,0.6,82
Saint Etienne,1.3333333333333333,0.7333333333333333,2.0,0.2,63
Real Potosí,1.7727272727272727,0.5333333333333333,1.6,0.6,22
Nueva Santa Cruz,2.2,0.8,2.4,1.6,10
ABB,1.1956521739130435,0.4,2.0,2.0,46
Real Oruro,1.2826086956521738,0.4,4.0,2.6,46
Valencia,1.1911764705882353,0.6,1.6,1.2,68
Barcelona,2.3152173913043477,0.8666666666666667,3.2,1.2,92
Francs Borains,1.1016949152542372,0.6,1.6,1.6,59
RAAL La Louvière,1.55,0.4,1.8,1.6,60
Auxerre,1.0483870967741935,0.4,1.2,0.8,62
Nice,1.1625,0.2,0.6,2.4,80
Brentford,1.4782608695652173,0.4,1.2,1.4,69
Crystal Palace,1.425,0.5333333333333333,1.2,0.8,80
Liège,1.423728813559322,0.26666666666666666,0.8,2.0,59
AS Eupen,1.3103448275862069,0.6666666666666666,1.2,0.2,58
Zrinski Jurjevac,0.2727272727272727,0.0,0.0,3.0,33
Jarun,1.0862068965517242,0.4666666666666667,1.4,0.8,58
Montpellier,0.9365079365079365,0.6,1.4,0.4,63
Strasbourg,1.7222222222222223,0.7333333333333333,1.8,1.0,72
Toulouse,1.2741935483870968,0.4,1.2,1.6,62
Nantes,0.8852459016393442,0.26666666666666666,0.8,1.0,61
Sporting Gijon,1.381578947368421,0.4666666666666667,1.4,1.2,76
Levante,1.4583333333333333,0.5333333333333333,1.6,1.2,72
Racing Santander,1.7179487179487178,0.4,1.4,2.8,78
Almeria,1.6794871794871795,0.6,2.0,1.4,78
Angers,1.1129032258064515,0.26666666666666666,0.4,1.8,62
Lens,1.78125,0.4666666666666667,2.0,1.4,64
Bsk Bijelo Brdo,1.3103448275862069,0.26666666666666666,0.4,0.8,58
Dugopolje,1.2413793103448276,0.4666666666666667,1.0,1.4,58
Chelsea,1.8297872340425532,0.2,1.2,2.6,94
Manchester City,1.8068181818181819,0.3333333333333333,1.0,1.6,88
Levadiakos,1.4761904761904763,0.26666666666666666,0.6,1.8,63
Kallithea,1.0,0.5333333333333333,1.4,1.0,36
Hellas Verona,0.7971014492753623,0.2,0.6,1.4,69
Napoli,2.012987012987013,1.0,1.6,0.6,77
Bologna,1.550561797752809,0.6666666666666666,1.6,1.4,89
Udinese,1.2173913043478262,0.5333333333333333,1.4,0.6,69
Real Sociedad,1.3375,0.6,1.8,1.4,80
Rayo Vallecano,1.3974358974358974,0.4666666666666667,1.0,0.8,78
Asteras Tripolis,1.0847457627118644,0.26666666666666666,1.0,1.4,59
Zulte Waregem,1.55,0.26666666666666666,0.8,1.4,60
K. Lierse S.K.,1.2542372881355932,0.4666666666666667,1.0,1.2,59
Burgos,1.4736842105263157,0.7333333333333333,1.8,0.6,76
FC Cartagena,0.5476190476190477,0.4,1.4,1.8,42
Elche,1.4722222222222223,0.26666666666666666,1.2,2.0,72
Huesca,1.263157894736842,0.06666666666666667,1.6,3.0,76
Atromitos,1.2372881355932204,0.4,0.8,0.8,59
Aris Thessalonikis,1.4426229508196722,0.2,0.4,1.2,61
Reggiana,1.0422535211267605,0.06666666666666667,0.4,2.4,71
Mantova,1.1408450704225352,0.6666666666666666,1.8,0.8,71
Frosinone,1.5633802816901408,0.8666666666666667,2.4,0.8,71
Sampdoria,1.1506849315068493,0.4666666666666667,0.6,1.2,73
Cosenza,0.8947368421052632,0.2,0.8,1.8,38
Cremonese,1.3013698630136987,0.2,1.0,2.0,73
Cesena,1.3472222222222223,0.4,1.2,1.4,72
Carrarese,1.2253521126760563,0.6666666666666666,1.8,0.6,71
Catanzaro,1.4931506849315068,0.5333333333333333,2.2,2.0,73
Sassuolo,1.7971014492753623,0.4666666666666667,1.2,1.2,69
Cagliari,0.9565217391304348,0.06666666666666667,0.8,1.8,69
AS Roma,1.7472527472527473,0.26666666666666666,1.6,2.4,91
Lazio,1.6666666666666667,0.6666666666666666,1.2,0.8,81
Venezia,1.408450704225352,0.7333333333333333,1.8,0.6,71
Rennes,1.4193548387096775,0.6666666666666666,2.0,1.0,62
Lyon,1.7738095238095237,0.2,0.4,1.0,84
Chaco Petrolero,2.0,0.8,3.6,1.4,10
OFI,1.2033898305084745,0.3333333333333333,1.0,1.8,59
Ciudad Nueva Santa Cruz,2.25,0.8,1.6,1.0,20
Alianza Beni,1.8333333333333333,0.6,2.2,2.4,12
Oruro Royal,2.1,0.8,2.8,1.8,10
Río San Juan Humi,1.3125,0.5333333333333333,1.0,0.6,16
Mallorca,1.161764705882353,0.4666666666666667,1.4,1.4,68
Real Madrid,2.1702127659574466,0.8,2.6,1.2,94
Municipal Tiquipaya,2.0555555555555554,0.6666666666666666,2.6,1.4,18
Lecce,0.8840579710144928,0.2,0.8,2.0,69
Atalanta,1.7362637362637363,0.4666666666666667,1.4,2.2,91
Valladolid,0.7638888888888888,0.4,1.4,1.2,72
Espanyol,1.1764705882352942,0.2,1.0,1.4,68
Panetolikos,1.1904761904761905,0.4,0.6,0.6,63
Lamia,0.5555555555555556,0.2,1.0,2.6,36
Eldense,1.0714285714285714,0.3333333333333333,1.4,2.4,42
Tenerife,0.8571428571428571,0.13333333333333333,0.2,1.0,42
Juventus,1.7752808988764044,0.7333333333333333,2.2,0.8,89
Como,1.5507246376811594,0.8666666666666667,2.4,0.6,69
Martigues,0.9411764705882353,0.26666666666666666,1.4,2.4,34
Lorient,1.7580645161290323,0.4,1.2,1.2,62
Metz,1.3384615384615384,0.13333333333333333,0.6,1.6,65
Bastia,1.1111111111111112,0.2,0.8,1.4,63
Leicester,0.9113924050632911,0.4,1.2,1.2,79
Tottenham,1.2872340425531914,0.26666666666666666,1.4,2.8,94
Villarreal,1.6973684210526316,0.4666666666666667,1.4,1.6,76
Atletico Madrid,1.9333333333333333,0.4,2.2,2.0,90
Hapoel Ramat Gan,1.734375,0.4666666666666667,1.2,1.2,64
Hapoel Kfar Saba,1.234375,0.0,0.8,2.0,64
Maccabi Kabilio Jaffa,1.15625,0.7333333333333333,2.6,1.0,64
Maccabi Herzliya,1.515625,0.6666666666666666,1.4,1.0,64
Hapoel Ramat HaSharon,1.2972972972972974,0.6666666666666666,2.2,1.2,37
Hapoel Kfar Shalem,1.65625,0.6666666666666666,2.2,1.2,64
Hapoel Ra'anana,1.1875,0.4666666666666667,1.0,1.0,64
Hapoel Nazareth Illit,0.9545454545454546,0.3333333333333333,1.2,1.8,66
1. FC Heidenheim,0.918918918918919,0.13333333333333333,1.4,2.4,74
Omonia Aradippou,1.1311475409836065,0.4,0.8,1.6,61
Anorthosis,1.4262295081967213,0.6666666666666666,1.8,0.8,61
Borussia Mönchengladbach,1.2096774193548387,0.5333333333333333,1.8,1.8,62
Bayer Leverkusen,1.7976190476190477,0.4,2.2,2.0,84
1899 Hoffenheim,1.3,0.26666666666666666,1.2,2.2,70
Holstein Kiel,0.8709677419354839,0.3333333333333333,1.2,1.6,62
FC Augsburg,1.2096774193548387,0.26666666666666666,1.2,2.0,62
Werder Bremen,1.2741935483870968,0.6,1.6,1.0,62
SC Freiburg,1.5555555555555556,0.4,1.8,1.4,72
VfB Stuttgart,1.5975609756097562,0.4,1.4,1.6,82
RB Leipzig,1.5285714285714285,0.8,2.2,0.8,70
VfL Bochum,0.9032258064516129,0.26666666666666666,1.6,2.4,62
FSV Mainz 05,1.4583333333333333,0.8666666666666667,1.6,0.4,72
Union Berlin,1.1774193548387097,0.26666666666666666,0.6,2.0,62
Omonia 29is Maiou,1.05,0.6,2.0,1.4,60
AEL,1.2459016393442623,0.26666666666666666,1.6,1.6,61
Maccabi Bnei Raina,0.9137931034482759,0.06666666666666667,0.2,2.4,58
Maccabi Netanya,1.2950819672131149,0.4666666666666667,2.0,2.6,61
Bnei Sakhnin,1.1551724137931034,0.13333333333333333,0.2,1.6,58
Borussia Dortmund,1.872093023255814,0.8,2.2,1.2,86
Eintracht Frankfurt,1.5365853658536586,0.5333333333333333,1.2,0.8,82
Karmiotissa,1.4333333333333333,0.7333333333333333,2.8,1.2,60
Aris,1.8529411764705883,0.3333333333333333,2.0,1.6,68
Hapoel Hadera,0.8333333333333334,0.06666666666666667,1.0,2.2,60
Hapoel Haifa,1.2459016393442623,0.3333333333333333,1.0,1.8,61
Ironi Tiberias,1.0517241379310345,0.26666666666666666,1.6,2.2,58
VfL Wolfsburg,1.032258064516129,0.06666666666666667,1.0,2.8,62
Bayern München,2.4186046511627906,0.8666666666666667,3.6,1.0,86
FC St. Pauli,0.9193548387096774,0.3333333333333333,0.6,1.0,62
Apollon Limassol,1.578125,0.4666666666666667,1.2,1.0,64
Ethnikos Achna,1.0819672131147542,0.26666666666666666,0.6,1.2,61
Beitar Jerusalem,1.8,0.5333333333333333,2.8,1.6,65
Ashdod,1.0,0.2,1.4,2.0,58
Bnei Yehuda,1.4,0.7333333333333333,1.0,0.4,65
Kafr Qasim,1.296875,0.26666666666666666,1.0,1.8,64
Hapoel Rishon LeZion,1.390625,0.8,1.8,1.2,64
Hapoel Tel Aviv,2.225806451612903,0.8666666666666667,1.8,0.2,62
Hapoel Petah Tikva,2.0,0.6666666666666666,1.2,0.6,62
Hapoel Umm al-Fahm,0.6216216216216216,0.26666666666666666,1.0,1.8,37
Ironi Kiryat Shmona,1.103448275862069,0.5333333333333333,1.4,1.4,58
Hapoel Acre,1.328125,0.26666666666666666,0.8,1.4,64
Difaa EL Jadida,1.4,0.5333333333333333,1.0,0.8,45
Riadi Salmi,1.150943396226415,0.7333333333333333,1.0,0.4,53
Chabab Mohammédia,0.6470588235294118,0.4666666666666667,0.4,1.0,51
FAR Rabat,1.9772727272727273,0.7333333333333333,1.6,0.6,44
Maghreb Fès,1.6818181818181819,0.6,1.2,0.6,44
Wydad AC,1.9090909090909092,0.4666666666666667,1.4,1.4,44
UTS Rabat,0.9777777777777777,0.13333333333333333,1.0,1.8,45
FUS Rabat,1.5777777777777777,0.6666666666666666,1.6,1.0,45
Raja Casablanca,1.7333333333333334,0.7333333333333333,1.2,0.2,45
Renaissance Berkane,2.1818181818181817,0.5333333333333333,1.2,1.0,44
Enosis,0.639344262295082,0.2,0.6,3.0,61
Hapoel Katamon,1.1206896551724137,0.2,0.4,1.0,58
CODM Meknès,1.3777777777777778,0.6666666666666666,0.6,0.6,45
CR Khemis Zemamra,1.3636363636363635,0.3333333333333333,0.8,1.0,44
Moghreb Tetouan,1.1372549019607843,0.3333333333333333,0.8,0.8,51
Olympique Safi,1.2954545454545454,0.4,1.0,1.0,44
Hassania Agadir,1.0212765957446808,0.13333333333333333,0.4,1.0,47
Ittihad Tanger,1.1111111111111112,0.06666666666666667,0.4,1.4,45
Nea Salamis,1.65,0.7333333333333333,2.2,1.0,60
Hapoel Afula,0.90625,0.4666666666666667,0.6,1.2,64
Karvan,1.0377358490566038,0.13333333333333333,0.6,2.4,53
Qaradağ Lökbatan,0.8888888888888888,0.26666666666666666,1.2,2.0,27
Difai Ağsu,0.8297872340425532,0.06666666666666667,0.8,3.0,47
Cəbrayıl,0.9361702127659575,0.26666666666666666,1.2,2.0,47
Imisli FK,1.471698113207547,0.2,0.2,2.4,53
Baku Sportinq,1.3829787234042554,0.3333333333333333,0.8,0.8,47
Qabala,1.6226415094339623,0.26666666666666666,1.4,2.8,53
Zaqatala,1.2553191489361701,0.26666666666666666,0.8,1.2,47
MOIK,1.1914893617021276,0.5333333333333333,1.4,1.4,47
Mingəçevir,1.5106382978723405,0.6666666666666666,1.8,0.8,47
AE Zakakiou,1.2857142857142858,0.26666666666666666,1.0,2.4,56
Akritas,1.4035087719298245,0.0,0.6,3.0,57
Anagennisi Deryneia,1.2413793103448276,0.8666666666666667,2.4,1.0,29
PAEEK,1.4285714285714286,0.6,1.6,1.0,56
Digenis Morphou,1.5535714285714286,0.4666666666666667,1.0,0.8,56
Doxa,1.4642857142857142,0.5333333333333333,1.2,0.8,56
Peyia,0.8620689655172413,0.0,0.2,4.6,29
Ayia Napa,1.3035714285714286,0.06666666666666667,1.0,3.0,56
ASIL Lysi,1.2678571428571428,0.06666666666666667,1.6,3.2,56
Othellos,1.0689655172413792,0.3333333333333333,1.8,1.0,29
Spartakos Kitiou,1.3214285714285714,0.4,1.6,2.0,56
Olympiakos,1.543859649122807,0.4666666666666667,1.2,1.8,57
Krasava Ypsonas,1.6842105263157894,0.8,2.0,1.6,57
Ahironas / Onisilos,0.6607142857142857,0.06666666666666667,0.8,2.8,56
MEAP Nisou,1.1428571428571428,0.2,1.0,1.8,56
Halkanoras,1.3928571428571428,0.6666666666666666,2.0,0.8,56
Shakhtar Donetsk,1.625,0.6666666666666666,1.6,0.8,24
ES Setif,1.2592592592592593,0.4666666666666667,1.2,1.0,54
El Bayadh,0.9272727272727272,0.2,0.6,1.2,55
CA Batna,1.690909090909091,0.6666666666666666,1.2,0.6,55
US Chaouia,1.6727272727272726,0.8,3.6,0.4,55
Teleghma,1.3272727272727274,0.2,0.8,2.6,55
Khroub,1.2,0.4666666666666667,1.0,1.0,55
MO Constantine,1.3454545454545455,0.4666666666666667,0.8,1.2,55
HB Chelghoum Laïd,0.8363636363636363,0.0,0.0,3.4,55
USM Annaba,1.690909090909091,0.8,1.6,0.8,55
MSP Batna,1.1818181818181819,0.6,1.4,1.2,55
JS Jijel,1.7272727272727273,0.6666666666666666,2.0,0.6,55
Oued Magrane,0.6333333333333333,0.0,1.4,4.2,30
JS Bordj Ménaïel,1.2,0.4,1.4,0.6,55
RB Ouargla,0.9666666666666667,0.06666666666666667,0.8,2.0,30
US Souf,0.43333333333333335,0.26666666666666666,1.4,3.4,30
Usm El Harrach,2.2181818181818183,0.5333333333333333,0.6,0.6,55
Olympique Akbou,1.4528301886792452,0.7333333333333333,1.2,0.6,53
NC Magra,1.2181818181818183,0.4666666666666667,0.8,1.2,55
Oued Sly,0.8333333333333334,0.13333333333333333,0.4,1.4,30
Témouchent,1.5272727272727273,0.6666666666666666,1.2,0.4,55
ASM Oran,1.6181818181818182,1.0,1.4,0.4,55
Koléa,1.3818181818181818,0.3333333333333333,1.0,1.4,55
Paradou AC,1.0740740740740742,0.0,0.8,2.4,54
ASO Chlef,1.1818181818181819,0.6666666666666666,1.2,0.8,55
Béchar Djedid,0.8909090909090909,0.4,2.0,2.6,55
RC Arba,1.1454545454545455,0.3333333333333333,0.8,0.8,55
Ben Aknoun,1.8888888888888888,0.5333333333333333,1.2,1.2,54
JS El Biar,2.109090909090909,0.7333333333333333,1.8,0.4,55
MC Saida,1.2,0.3333333333333333,0.6,0.8,55
SKAF Khémis Mélina,1.1666666666666667,0.4,2.0,2.0,30
RC Kouba,1.8363636363636364,0.6666666666666666,0.8,0.4,55
Hussein Dey,1.4545454545454546,0.4,0.8,1.0,55
MB Rouisset,1.8333333333333333,0.13333333333333333,1.2,2.0,54
IB Khémis El Khechna,1.0909090909090908,0.26666666666666666,0.8,1.4,55
Tiaret,1.3636363636363635,0.4666666666666667,1.2,0.8,55
GC Mascara,1.1272727272727272,0.4,1.8,1.4,55
MC Oran,1.462962962962963,0.8,1.4,0.8,54
JS Saoura,1.5925925925925926,0.8,1.2,0.4,54
CR Méchria,0.4,0.0,0.8,3.6,30
WA Mostaganem,1.309090909090909,0.06666666666666667,0.8,1.8,55
US Biskra,1.2545454545454546,0.6,0.8,0.8,55
MC Alger,2.0754716981132075,0.8,1.4,0.6,53
CR Belouizdad,1.7884615384615385,0.8,3.0,0.6,52
JS Kabylie,1.7169811320754718,0.4666666666666667,1.2,1.0,53
CS Constantine,1.4,0.2,0.0,0.4,55
Khenchela,1.3396226415094339,0.4,1.0,1.2,53
USM Alger,1.3269230769230769,0.26666666666666666,0.6,0.8,52
USM Oujda,1.1764705882352942,0.4,0.8,0.4,51
Stade Marocain,1.1764705882352942,0.2,0.4,1.4,51
Olympique Dcheïra,1.446808510638298,0.26666666666666666,0.8,2.2,47
Raja Beni Mellal,1.2452830188679245,0.3333333333333333,0.4,1.0,53
KAC Kenitra,1.1568627450980393,0.3333333333333333,0.6,1.0,51
Olympique Khouribga,0.8666666666666667,0.06666666666666667,0.8,2.0,30
Mostaganem,0.9272727272727272,0.2,0.6,3.6,55
Yacoub El Mansour,1.288888888888889,0.06666666666666667,0.8,2.0,45
Mouloudia Oujda,1.2156862745098038,0.3333333333333333,1.2,1.8,51
Youssoufia Berrechid,1.1,0.4,0.8,1.2,30
Wydad Fès,1.3333333333333333,0.6,1.4,0.8,51
Kawkab Marrakech,1.5333333333333334,0.4666666666666667,0.8,0.6,45
El Massira,1.3529411764705883,0.2,0.2,0.6,51
Chabab Atl. Khenifra,1.2941176470588236,0.8,1.0,0.8,51
Chabab Ben Guerir,1.1568627450980393,0.4666666666666667,1.2,0.4,51
Rapide Oued ZEM,0.9666666666666667,0.5333333333333333,1.4,1.4,30
Racing de Casablanca,1.0784313725490196,0.26666666666666666,0.4,0.6,51
Central Coast Mariners,1.1020408163265305,0.3333333333333333,1.6,2.0,49
Melbourne Victory,1.5849056603773586,0.5333333333333333,2.2,1.2,53
Auckland,1.8823529411764706,0.5333333333333333,1.8,1.2,51
Brisbane Roar,0.9387755102040817,0.2,0.8,1.2,49
Newcastle Jets,1.489795918367347,0.4666666666666667,1.4,1.4,49
Melbourne City,1.6730769230769231,0.6666666666666666,1.4,1.0,52
Western Sydney Wanderers,1.34,0.26666666666666666,1.8,2.2,50
Sydney,1.4489795918367347,0.3333333333333333,0.8,1.0,49
Wellington Phoenix,1.1020408163265305,0.6666666666666666,1.2,0.6,49
Western United,1.7586206896551724,0.6666666666666666,1.8,1.6,29
Macarthur,1.3061224489795917,0.4,1.4,2.8,49
Perth Glory,0.8367346938775511,0.26666666666666666,1.2,1.6,49
Zamalek SC,1.9791666666666667,0.8,1.6,0.6,48
FF Jaro,1.2758620689655173,0.6,2.0,1.6,29
Adelaide United,1.48,0.4666666666666667,1.6,1.2,50
Haras El Hodood,0.8936170212765957,0.26666666666666666,0.8,1.6,47
Smouha SC,1.2444444444444445,0.4,1.2,0.8,45
El Geish,1.1063829787234043,0.6666666666666666,1.0,0.6,47
AL Masry,1.608695652173913,0.4,1.2,1.6,46
El Gouna FC,1.2765957446808511,0.6,0.6,0.2,47
Masr,1.3829787234042554,0.5333333333333333,1.0,0.6,47
Enppi,1.2666666666666666,0.6666666666666666,1.2,0.8,45
Petrojet,1.148936170212766,0.4,1.0,1.0,47
Pharco,1.0425531914893618,0.2,0.4,1.0,47
Al Ittihad,1.0212765957446808,0.3333333333333333,0.6,0.6,47
National Bank of Egypt,1.446808510638298,0.3333333333333333,1.6,1.8,47
Ismaily SC,0.7659574468085106,0.2,0.4,1.0,47
Ghazl El Mehalla,0.9361702127659575,0.2,0.6,1.4,47
Saburtalo II,1.175,0.26666666666666666,1.6,2.0,40
Merani Martvili,1.4210526315789473,0.5333333333333333,1.6,2.0,38
Colegiales,1.3823529411764706,0.8666666666666667,1.8,0.6,34
Los Andes,1.1764705882352942,0.2,0.2,1.2,34
Central Norte,1.0588235294117647,0.2,0.8,2.0,34
Omiya Ardija,1.6153846153846154,0.4,2.6,1.8,39
Kataller Toyama,0.9736842105263158,0.6666666666666666,1.8,0.8,38
Imabari,1.394736842105263,0.3333333333333333,1.2,2.2,38
Concepción,1.5277777777777777,0.6,1.4,1.0,36
San Diego,1.8717948717948718,0.6666666666666666,2.0,1.2,39
Žalgiris II,1.4,0.3333333333333333,1.2,1.4,30
Jonava,1.4,0.3333333333333333,0.6,1.2,30
Gonio,1.0277777777777777,0.2,1.2,2.6,36
Meshakhte,1.4210526315789473,0.6,1.2,0.8,38
Central Espanol,1.8125,0.6666666666666666,1.0,0.6,32
Artigas,0.8387096774193549,0.2,1.2,3.4,31
Guangzhou E-Power,2.0,0.8666666666666667,2.8,1.2,30
Shenzhen Juniors,0.9333333333333333,0.3333333333333333,1.2,1.6,30
Shaanxi Union,1.3,0.5333333333333333,2.4,1.8,30
Dalian Huayi,1.4,0.26666666666666666,1.6,1.6,30
22 de Julio,1.1875,0.3333333333333333,0.8,1.6,32
Atlético Vinotinto,1.40625,0.6,1.6,0.2,32
Gomel II,0.8235294117647058,0.0,0.6,4.4,34
Club River Plate,1.2333333333333334,0.26666666666666666,1.2,1.8,30
Deportivo Capiata,1.7333333333333334,0.5333333333333333,1.6,1.4,30
Uni Minsk,1.0588235294117647,0.06666666666666667,1.6,3.6,34
Falkenbergs FF,1.5333333333333334,0.4666666666666667,1.4,1.4,30
Osipovichy,0.7058823529411765,0.6,1.8,2.0,34
ABFF U19,1.2352941176470589,0.6,1.2,1.0,34
Guaraní de Fram,0.8666666666666667,0.2,0.4,1.6,30
Minsk II,1.5,0.8,3.2,1.4,34
Puerto Cabello II,0.9285714285714286,0.2,0.8,1.2,28
Titanes FC,1.4705882352941178,0.26666666666666666,1.6,1.6,34
Mineros de Guyana,1.1428571428571428,0.2,1.4,2.4,28
hodd,1.1,0.2,0.8,1.8,30
Umeå FC,0.6333333333333333,0.6666666666666666,2.2,1.2,30
Skeid,0.5,0.2,1.8,3.4,30
Tacna Heroica,1.5,0.2,1.2,1.8,22
Kooteepee,0.7241379310344828,0.4666666666666667,1.4,1.6,29
Queanbeyan City,1.1428571428571428,0.06666666666666667,0.6,2.0,21
FC Cajamarca,1.8333333333333333,0.6666666666666666,1.8,0.6,24
Ferroviária,1.0526315789473684,0.13333333333333333,1.0,1.6,38
Remo,1.631578947368421,0.5333333333333333,1.8,1.4,38
Volta Redonda,0.9473684210526315,0.13333333333333333,0.6,1.4,38
Monagas II,0.9259259259259259,0.6666666666666666,1.8,1.0,27
Inter Turku II,1.2962962962962963,0.4,2.0,2.6,27
MP,1.8518518518518519,0.7333333333333333,2.8,1.2,27
Tampere United,1.1481481481481481,0.0,0.2,2.8,27
Selfoss,0.8636363636363636,0.2,1.2,2.4,22
Völsungur,1.1363636363636365,0.4,1.4,2.8,22
Boulogne,1.2258064516129032,0.6,1.0,0.4,31
Manga Canada,0.0,0.0,1.6,7.2,10
Kairat Almaty,0.8125,0.0,1.2,2.6,16
Wieczysta Kraków,1.5384615384615385,0.26666666666666666,1.2,1.6,26
Middelfart,0.5217391304347826,0.0,1.0,3.2,23
Pogoń Grod. Mazowiecki,1.5555555555555556,0.4,1.2,2.2,27
Volga Ulyanovsk,1.1481481481481481,0.5333333333333333,1.2,1.0,27
Aarhus Fremad,1.173913043478261,0.4666666666666667,1.0,0.8,23
Polonia Bytom,1.44,0.13333333333333333,0.8,1.6,25
Spartak Kostroma,1.5185185185185186,0.4,1.4,1.4,27
Chelyabinsk,1.4074074074074074,0.2,1.4,1.8,27
Slávia TU Košice,1.0416666666666667,0.5333333333333333,1.6,1.0,24
Rapperswil,1.0357142857142858,0.06666666666666667,2.0,3.0,28
Holyhead Hotspur,1.1379310344827587,0.4666666666666667,1.0,0.8,29
Treowen Stars,1.1724137931034482,0.4,1.6,3.0,29
Rhyl,1.5357142857142858,0.4,1.4,2.0,28
Brickfield Rangers,1.2142857142857142,0.4,1.8,2.0,28
Ynyshir Albions,0.7586206896551724,0.3333333333333333,1.4,1.6,29
Cardiff Draconians,1.2857142857142858,0.26666666666666666,2.0,2.6,28
Baník Lehota p.Vtáčnikom,1.1304347826086956,0.4,0.6,1.0,23
Inter Bratislava,1.391304347826087,0.4,0.8,1.0,23
Austria Salzburg,1.2173913043478262,0.5333333333333333,1.6,1.0,23
Arbroath,1.46875,0.3333333333333333,0.8,1.2,32
Irapuato,1.375,0.4666666666666667,2.4,1.8,32
ASA Targu Mures,1.7391304347826086,0.4666666666666667,1.6,1.4,23
FC Bacau,1.565217391304348,0.6666666666666666,1.4,1.0,23
CSM Satu Mare,0.7391304347826086,0.4666666666666667,1.6,1.8,23
Gloria Bistriţa,1.2608695652173914,0.6666666666666666,2.0,0.8,23
Tunari,0.6956521739130435,0.3333333333333333,1.0,1.6,23
CS Dinamo București,0.6956521739130435,0.26666666666666666,1.6,2.0,23
Dinamo Jug,1.4,0.2,0.8,1.4,30
Loznica,1.6,0.5333333333333333,0.8,0.6,30
FAP,0.8666666666666667,0.2,1.2,1.6,30
Austria Vienna (Am),1.5833333333333333,0.6666666666666666,1.4,0.6,24
Arminia Bielefeld,1.1071428571428572,0.26666666666666666,1.0,1.6,28
WSPG Wels,1.0,0.4666666666666667,2.0,1.4,24
Dynamo Dresden,1.0357142857142858,0.4666666666666667,2.6,1.4,28
Kabel Novi Sad,1.0,0.3333333333333333,1.0,2.0,30
Stepojevac Vaga,0.7333333333333333,0.2,0.4,1.2,30
Wadi Degla,1.4090909090909092,0.4666666666666667,0.6,0.4,22
Olympic Charleroi,0.5333333333333333,0.0,1.0,2.6,30
KAA Gent II,1.3333333333333333,0.26666666666666666,1.2,2.8,30
Birmingham,1.2926829268292683,0.26666666666666666,0.6,1.0,41
Wrexham,1.6,0.4666666666666667,1.6,1.6,40
Charlton,1.1951219512195121,0.3333333333333333,0.8,1.0,41
Le Mans,1.8275862068965518,0.8666666666666667,3.0,1.0,29
Sporting CP B,1.4642857142857142,0.2,0.6,1.2,28
El Mokawloon,0.9090909090909091,0.26666666666666666,1.0,1.4,22
Serik Spor,1.0606060606060606,0.4,1.8,1.8,33
Nancy,1.0,0.2,0.8,1.8,29
Sarıyer,1.2647058823529411,0.5333333333333333,1.2,0.8,34
Lusitânia Lourosa,1.3571428571428572,0.26666666666666666,1.0,1.8,28
Kahraba Ismailia,0.8181818181818182,0.4,1.2,1.0,22
Vanspor FK,1.303030303030303,0.3333333333333333,0.6,1.2,33
Karlovac 1919,1.44,0.4,1.4,1.4,25
AD Ceuta FC,1.411764705882353,0.26666666666666666,1.2,2.4,34
Cultural Leonesa,0.9411764705882353,0.3333333333333333,0.8,1.6,34
Hrvace,1.08,0.4666666666666667,0.8,1.2,25
Real Sociedad II,1.1764705882352942,0.2,0.6,1.8,34
FC Andorra,1.3529411764705883,0.5333333333333333,2.8,1.4,34
Sigma Olomouc,1.0,0.3333333333333333,0.8,1.2,12
Pescara,0.9696969696969697,0.6666666666666666,2.4,1.0,33
Padova,1.0303030303030303,0.0,0.4,2.0,33
Virtus Entella,1.0303030303030303,0.4,1.0,1.2,33
CD IN San Juan FC,1.8823529411764706,0.3333333333333333,0.8,1.6,17
Kiryat Yam SC,1.5555555555555556,0.3333333333333333,1.0,1.2,27
Ironi Modi'in,1.1481481481481481,0.3333333333333333,0.4,1.2,27
Nueva Cliza,1.6,0.5333333333333333,1.4,1.0,10
Larisa,0.8518518518518519,0.13333333333333333,0.4,1.6,27
Primero Mayo,2.0,0.4,1.0,1.2,12
Avellino,1.1818181818181819,0.6,1.4,1.4,33
Kifisia,1.0,0.2,1.0,2.2,27
Şahdağ,1.4,0.4666666666666667,0.8,0.8,20
Safa Baku,2.25,0.8,3.0,1.4,20
Şimal,0.6,0.4666666666666667,1.4,1.6,20
WA Tlemcen,1.36,0.5333333333333333,0.6,0.4,25
CRB Adrar,0.84,0.13333333333333333,1.0,2.8,25
JS Tixeraine,0.88,0.4,1.0,1.4,25
MO Bejaia,1.88,0.7333333333333333,1.6,0.0,25
Nrb Beni Oulbene,1.08,0.4,0.6,1.2,25
Iraklis Yerolakkou,1.3333333333333333,0.6666666666666666,1.8,1.0,27
Ethnikos Latsion,1.0,0.6666666666666666,1.6,0.6,27
APEA,1.2222222222222223,0.5333333333333333,1.6,1.0,27
CR Béni Thour,1.16,0.2,0.2,1.6,25
Amal Tiznit,1.6666666666666667,0.7333333333333333,1.4,0.4,21
Union Sportive Boujaad,1.1904761904761905,0.3333333333333333,1.0,1.0,21
Widad Témara,1.7619047619047619,0.5333333333333333,1.0,0.8,21
